byte9_nonzero,byte9_zero,cells,coords_count,family,group,map_id,name,object_id,pct_map,representation,role,terrain_counts
1,24,25,25,big_stone,2p,sav_001,Big Stone 1,1,0.004239,static,world_decor,"{""16"": 25}"
0,24,24,24,big_stone,2p,sav_001,Big Stone 2,2,0.004069,static,world_decor,"{""16"": 24}"
0,39,39,39,big_stone,2p,sav_001,Big Stone 3,3,0.006612,static,world_decor,"{""16"": 39}"
0,29,29,29,big_stone,2p,sav_001,Big Stone 4,4,0.004917,static,world_decor,"{""16"": 29}"
1,30,31,31,big_stone,2p,sav_001,Big Stone 5,5,0.005256,static,world_decor,"{""16"": 31}"
0,29,29,29,big_stone,2p,sav_001,Big Stone 6,6,0.004917,static,world_decor,"{""16"": 29}"
0,30,30,30,big_stone,2p,sav_001,Big Stone 7,7,0.005086,static,world_decor,"{""16"": 30}"
0,31,31,31,big_stone,2p,sav_001,Big Stone 8,8,0.005256,static,world_decor,"{""16"": 31}"
0,26,26,26,decorative_stone,2p,sav_001,Decorative Stone 1,9,0.004408,static,world_decor,"{""16"": 26}"
1,40,41,41,decorative_stone,2p,sav_001,Decorative Stone 2,10,0.006951,static,world_decor,"{""16"": 41}"
0,27,27,27,decorative_stone,2p,sav_001,Decorative Stone 3,11,0.004578,static,world_decor,"{""16"": 27}"
1,43,44,44,decorative_stone,2p,sav_001,Decorative Stone 4,12,0.00746,static,world_decor,"{""16"": 43, ""28"": 1}"
1,34,35,35,border_stone,2p,sav_001,Border Stone 1,13,0.005934,static,world_decor,"{""16"": 35}"
0,33,33,33,border_stone,2p,sav_001,Border Stone 2,14,0.005595,static,world_decor,"{""16"": 33}"
0,30,30,30,border_stone,2p,sav_001,Border Stone 3,15,0.005086,static,world_decor,"{""16"": 30}"
1,35,36,36,border_stone,2p,sav_001,Border Stone 4,16,0.006104,static,world_decor,"{""16"": 36}"
0,29,29,29,border_stone,2p,sav_001,Border Stone 5,17,0.004917,static,world_decor,"{""16"": 29}"
1,34,35,35,border_stone,2p,sav_001,Border Stone 6,18,0.005934,static,world_decor,"{""16"": 35}"
1,28,29,29,border_stone,2p,sav_001,Border Stone 7,19,0.004917,static,world_decor,"{""16"": 29}"
2,31,33,33,border_stone,2p,sav_001,Border Stone 8,20,0.005595,static,world_decor,"{""16"": 33}"
2,38,40,40,small_stone,2p,sav_001,Small Stone 1,21,0.006782,static,world_decor,"{""16"": 40}"
1,26,27,27,small_stone,2p,sav_001,Small Stone 2,22,0.004578,static,world_decor,"{""16"": 27}"
0,32,32,32,small_stone,2p,sav_001,Small Stone 3,23,0.005425,static,world_decor,"{""16"": 32}"
0,30,30,30,small_stone,2p,sav_001,Small Stone 4,24,0.005086,static,world_decor,"{""16"": 30}"
0,27,27,27,small_stone,2p,sav_001,Small Stone 5,25,0.004578,static,world_decor,"{""16"": 27}"
1,28,29,29,small_stone,2p,sav_001,Small Stone 6,26,0.004917,static,world_decor,"{""16"": 29}"
1,25,26,26,small_stone,2p,sav_001,Small Stone 7,27,0.004408,static,world_decor,"{""16"": 26}"
0,24,24,24,small_stone,2p,sav_001,Small Stone 8,28,0.004069,static,world_decor,"{""16"": 24}"
0,3,3,3,wreck,2p,sav_001,Wreck 1,29,0.000509,static,world_decor,"{""48"": 3}"
0,3,3,3,wreck,2p,sav_001,Wreck 3,31,0.000509,static,world_decor,"{""48"": 3}"
0,2,2,2,wreck,2p,sav_001,Wreck 4,32,0.000339,static,world_decor,"{""48"": 2}"
0,27,27,27,grave,2p,sav_001,Grave,34,0.004578,static,world_decor,"{""16"": 27}"
0,29,29,29,small_plant,2p,sav_001,Small Plant 1,35,0.004917,static,world_decor,"{""16"": 29}"
0,27,27,27,small_plant,2p,sav_001,Small Plant 2,36,0.004578,static,world_decor,"{""16"": 27}"
0,27,27,27,small_plant,2p,sav_001,Small Plant 3,37,0.004578,static,world_decor,"{""16"": 27}"
1,27,28,28,toadstool,2p,sav_001,Toadstool 1,38,0.004747,static,world_decor,"{""16"": 28}"
1,27,28,28,toadstool,2p,sav_001,Toadstool 2,39,0.004747,static,world_decor,"{""16"": 28}"
0,28,28,28,toadstool,2p,sav_001,Toadstool 3,40,0.004747,static,world_decor,"{""16"": 28}"
1,22,23,23,stump,2p,sav_001,Tree Stump 1,41,0.003899,static,world_decor,"{""16"": 23}"
1,30,31,31,stump,2p,sav_001,Tree Stump 2,42,0.005256,static,world_decor,"{""16"": 31}"
0,3,3,3,dead_tree,2p,sav_001,Dead Tree 1,43,0.000509,static,world_decor,"{""64"": 3}"
0,3,3,3,dead_tree,2p,sav_001,Dead Tree 2,44,0.000509,static,world_decor,"{""64"": 3}"
1,4,5,5,cactus,2p,sav_001,Cactus 1,45,0.000848,static,world_decor,"{""64"": 5}"
0,8,8,8,cactus,2p,sav_001,Cactus 2,46,0.001356,static,world_decor,"{""64"": 8}"
0,9,9,9,cactus,2p,sav_001,Cactus 3,47,0.001526,static,world_decor,"{""64"": 9}"
0,3,3,3,cactus,2p,sav_001,Cactus 4,48,0.000509,static,world_decor,"{""64"": 3}"
0,3,3,3,skeleton,2p,sav_001,Skeleton,49,0.000509,static,world_decor,"{""64"": 3}"
0,37,37,37,small_flower,2p,sav_001,Small Flower 1,50,0.006273,static,world_decor,"{""16"": 37}"
0,25,25,25,small_flower,2p,sav_001,Small Flower 2,51,0.004239,static,world_decor,"{""16"": 25}"
1,25,26,26,small_flower,2p,sav_001,Small Flower 3,52,0.004408,static,world_decor,"{""16"": 26}"
0,29,29,29,small_bush,2p,sav_001,Small Bush 1,53,0.004917,static,world_decor,"{""16"": 29}"
1,21,22,22,small_bush,2p,sav_001,Small Bush 2,54,0.00373,static,world_decor,"{""16"": 22}"
0,17,17,17,small_bush,2p,sav_001,Small Bush 3,55,0.002882,static,world_decor,"{""16"": 17}"
2,31,33,33,small_bush,2p,sav_001,Small Bush 4,56,0.005595,static,world_decor,"{""16"": 33}"
0,27,27,27,bush,2p,sav_001,Bush 1,57,0.004578,static,world_decor,"{""16"": 27}"
0,24,24,24,bush,2p,sav_001,Bush 2,58,0.004069,static,world_decor,"{""16"": 24}"
0,26,26,26,bush,2p,sav_001,Bush 3,59,0.004408,static,world_decor,"{""16"": 26}"
0,31,31,31,bush,2p,sav_001,Bush 4,60,0.005256,static,world_decor,"{""16"": 31}"
0,31,31,31,bush,2p,sav_001,Bush 5,61,0.005256,static,world_decor,"{""16"": 31}"
0,1,1,1,reed,2p,sav_001,Reed 2,63,0.00017,static,world_decor,"{""80"": 1}"
0,1,1,1,reed,2p,sav_001,Reed 5,66,0.00017,static,world_decor,"{""80"": 1}"
2,216,218,218,adult_tree,2p,sav_001,Birch 1,68,0.03696,static,world_decor,"{""16"": 218}"
0,213,213,213,adult_tree,2p,sav_001,Birch 2,69,0.036112,static,world_decor,"{""16"": 213}"
2,235,237,237,adult_tree,2p,sav_001,Elm 1,70,0.040181,static,world_decor,"{""16"": 237}"
3,221,224,224,adult_tree,2p,sav_001,Elm 2,71,0.037977,static,world_decor,"{""16"": 224}"
6,192,198,198,adult_tree,2p,sav_001,Oak,72,0.033569,static,world_decor,"{""16"": 198}"
3,193,196,196,adult_tree,2p,sav_001,Adult Tree 6,73,0.03323,static,world_decor,"{""16"": 196}"
1,160,161,161,adult_tree,2p,sav_001,Adult Tree 7,74,0.027296,static,world_decor,"{""16"": 161}"
1,160,161,161,adult_tree,2p,sav_001,Adult Tree 8,75,0.027296,static,world_decor,"{""16"": 161}"
4,168,172,172,adult_tree,2p,sav_001,Adult Tree 9,76,0.029161,static,world_decor,"{""16"": 172}"
10,170,180,180,adult_tree,2p,sav_001,Adult Tree 10,77,0.030518,static,world_decor,"{""16"": 180}"
0,12,12,12,palm,2p,sav_001,Palm 1,78,0.002035,static,world_decor,"{""64"": 12}"
0,16,16,16,palm,2p,sav_001,Palm 2,79,0.002713,static,world_decor,"{""64"": 16}"
6,330,336,336,adult_tree,2p,sav_001,Adult Tree 13,80,0.056966,static,world_decor,"{""16"": 336}"
3,309,312,312,adult_tree,2p,sav_001,Adult Tree 14,81,0.052897,static,world_decor,"{""16"": 312}"
0,107,107,107,building_stone,2p,sav_001,Building Stone 1,115,0.018141,static,world_decor,"{""16"": 107}"
1,110,111,111,building_stone,2p,sav_001,Building Stone 2,116,0.018819,static,world_decor,"{""16"": 111}"
2,124,126,126,building_stone,2p,sav_001,Building Stone 3,117,0.021362,static,world_decor,"{""16"": 126}"
0,116,116,116,building_stone,2p,sav_001,Building Stone 4,118,0.019667,static,world_decor,"{""16"": 116}"
2,119,121,121,building_stone,2p,sav_001,Building Stone 5,119,0.020515,static,world_decor,"{""16"": 121}"
1,117,118,118,building_stone,2p,sav_001,Building Stone 6,120,0.020006,static,world_decor,"{""16"": 118}"
2,123,125,125,building_stone,2p,sav_001,Building Stone 7,121,0.021193,static,world_decor,"{""16"": 125}"
1,118,119,119,building_stone,2p,sav_001,Building Stone 8,122,0.020176,static,world_decor,"{""16"": 119}"
1,132,133,133,building_stone,2p,sav_001,Building Stone 9,123,0.022549,static,world_decor,"{""16"": 133}"
2,104,106,106,building_stone,2p,sav_001,Building Stone 10,124,0.017971,static,world_decor,"{""16"": 106}"
5,103,108,108,building_stone,2p,sav_001,Building Stone 11,125,0.018311,static,world_decor,"{""16"": 108}"
2,112,114,114,building_stone,2p,sav_001,Building Stone 12,126,0.019328,static,world_decor,"{""16"": 114}"
1,17,18,18,building_stone,2p,sav_001,Building Stone 13,127,0.003052,static,world_decor,"{""16"": 18}"
1,24,25,25,big_stone,2p,sav_001,Big Stone 1,1,0.004239,runtime,world_decor,"{""16"": 25}"
0,24,24,24,big_stone,2p,sav_001,Big Stone 2,2,0.004069,runtime,world_decor,"{""16"": 24}"
0,39,39,39,big_stone,2p,sav_001,Big Stone 3,3,0.006612,runtime,world_decor,"{""16"": 39}"
0,29,29,29,big_stone,2p,sav_001,Big Stone 4,4,0.004917,runtime,world_decor,"{""16"": 29}"
1,30,31,31,big_stone,2p,sav_001,Big Stone 5,5,0.005256,runtime,world_decor,"{""16"": 31}"
0,29,29,29,big_stone,2p,sav_001,Big Stone 6,6,0.004917,runtime,world_decor,"{""16"": 29}"
0,30,30,30,big_stone,2p,sav_001,Big Stone 7,7,0.005086,runtime,world_decor,"{""16"": 30}"
0,31,31,31,big_stone,2p,sav_001,Big Stone 8,8,0.005256,runtime,world_decor,"{""16"": 31}"
0,26,26,26,decorative_stone,2p,sav_001,Decorative Stone 1,9,0.004408,runtime,world_decor,"{""16"": 26}"
1,40,41,41,decorative_stone,2p,sav_001,Decorative Stone 2,10,0.006951,runtime,world_decor,"{""16"": 41}"
0,27,27,27,decorative_stone,2p,sav_001,Decorative Stone 3,11,0.004578,runtime,world_decor,"{""16"": 27}"
0,43,43,43,decorative_stone,2p,sav_001,Decorative Stone 4,12,0.00729,runtime,world_decor,"{""16"": 43}"
1,34,35,35,border_stone,2p,sav_001,Border Stone 1,13,0.005934,runtime,world_decor,"{""16"": 35}"
0,33,33,33,border_stone,2p,sav_001,Border Stone 2,14,0.005595,runtime,world_decor,"{""16"": 33}"
0,30,30,30,border_stone,2p,sav_001,Border Stone 3,15,0.005086,runtime,world_decor,"{""16"": 30}"
1,35,36,36,border_stone,2p,sav_001,Border Stone 4,16,0.006104,runtime,world_decor,"{""16"": 36}"
0,29,29,29,border_stone,2p,sav_001,Border Stone 5,17,0.004917,runtime,world_decor,"{""16"": 29}"
1,34,35,35,border_stone,2p,sav_001,Border Stone 6,18,0.005934,runtime,world_decor,"{""16"": 35}"
1,28,29,29,border_stone,2p,sav_001,Border Stone 7,19,0.004917,runtime,world_decor,"{""16"": 29}"
2,31,33,33,border_stone,2p,sav_001,Border Stone 8,20,0.005595,runtime,world_decor,"{""16"": 33}"
2,38,40,40,small_stone,2p,sav_001,Small Stone 1,21,0.006782,runtime,world_decor,"{""16"": 40}"
1,26,27,27,small_stone,2p,sav_001,Small Stone 2,22,0.004578,runtime,world_decor,"{""16"": 27}"
0,32,32,32,small_stone,2p,sav_001,Small Stone 3,23,0.005425,runtime,world_decor,"{""16"": 32}"
0,30,30,30,small_stone,2p,sav_001,Small Stone 4,24,0.005086,runtime,world_decor,"{""16"": 30}"
0,27,27,27,small_stone,2p,sav_001,Small Stone 5,25,0.004578,runtime,world_decor,"{""16"": 27}"
1,28,29,29,small_stone,2p,sav_001,Small Stone 6,26,0.004917,runtime,world_decor,"{""16"": 29}"
1,25,26,26,small_stone,2p,sav_001,Small Stone 7,27,0.004408,runtime,world_decor,"{""16"": 26}"
0,24,24,24,small_stone,2p,sav_001,Small Stone 8,28,0.004069,runtime,world_decor,"{""16"": 24}"
0,3,3,3,wreck,2p,sav_001,Wreck 1,29,0.000509,runtime,world_decor,"{""48"": 3}"
0,3,3,3,wreck,2p,sav_001,Wreck 3,31,0.000509,runtime,world_decor,"{""48"": 3}"
0,2,2,2,wreck,2p,sav_001,Wreck 4,32,0.000339,runtime,world_decor,"{""48"": 2}"
0,27,27,27,grave,2p,sav_001,Grave,34,0.004578,runtime,world_decor,"{""16"": 27}"
0,29,29,29,small_plant,2p,sav_001,Small Plant 1,35,0.004917,runtime,world_decor,"{""16"": 29}"
0,27,27,27,small_plant,2p,sav_001,Small Plant 2,36,0.004578,runtime,world_decor,"{""16"": 27}"
0,27,27,27,small_plant,2p,sav_001,Small Plant 3,37,0.004578,runtime,world_decor,"{""16"": 27}"
1,27,28,28,toadstool,2p,sav_001,Toadstool 1,38,0.004747,runtime,world_decor,"{""16"": 28}"
1,27,28,28,toadstool,2p,sav_001,Toadstool 2,39,0.004747,runtime,world_decor,"{""16"": 28}"
0,28,28,28,toadstool,2p,sav_001,Toadstool 3,40,0.004747,runtime,world_decor,"{""16"": 28}"
1,22,23,23,stump,2p,sav_001,Tree Stump 1,41,0.003899,runtime,world_decor,"{""16"": 23}"
1,30,31,31,stump,2p,sav_001,Tree Stump 2,42,0.005256,runtime,world_decor,"{""16"": 31}"
0,3,3,3,dead_tree,2p,sav_001,Dead Tree 1,43,0.000509,runtime,world_decor,"{""64"": 3}"
0,3,3,3,dead_tree,2p,sav_001,Dead Tree 2,44,0.000509,runtime,world_decor,"{""64"": 3}"
1,4,5,5,cactus,2p,sav_001,Cactus 1,45,0.000848,runtime,world_decor,"{""64"": 5}"
0,8,8,8,cactus,2p,sav_001,Cactus 2,46,0.001356,runtime,world_decor,"{""64"": 8}"
0,9,9,9,cactus,2p,sav_001,Cactus 3,47,0.001526,runtime,world_decor,"{""64"": 9}"
0,3,3,3,cactus,2p,sav_001,Cactus 4,48,0.000509,runtime,world_decor,"{""64"": 3}"
0,3,3,3,skeleton,2p,sav_001,Skeleton,49,0.000509,runtime,world_decor,"{""64"": 3}"
0,37,37,37,small_flower,2p,sav_001,Small Flower 1,50,0.006273,runtime,world_decor,"{""16"": 37}"
0,25,25,25,small_flower,2p,sav_001,Small Flower 2,51,0.004239,runtime,world_decor,"{""16"": 25}"
1,25,26,26,small_flower,2p,sav_001,Small Flower 3,52,0.004408,runtime,world_decor,"{""16"": 26}"
0,29,29,29,small_bush,2p,sav_001,Small Bush 1,53,0.004917,runtime,world_decor,"{""16"": 29}"
1,21,22,22,small_bush,2p,sav_001,Small Bush 2,54,0.00373,runtime,world_decor,"{""16"": 22}"
0,17,17,17,small_bush,2p,sav_001,Small Bush 3,55,0.002882,runtime,world_decor,"{""16"": 17}"
2,31,33,33,small_bush,2p,sav_001,Small Bush 4,56,0.005595,runtime,world_decor,"{""16"": 33}"
0,27,27,27,bush,2p,sav_001,Bush 1,57,0.004578,runtime,world_decor,"{""16"": 27}"
0,24,24,24,bush,2p,sav_001,Bush 2,58,0.004069,runtime,world_decor,"{""16"": 24}"
0,26,26,26,bush,2p,sav_001,Bush 3,59,0.004408,runtime,world_decor,"{""16"": 26}"
0,30,30,30,bush,2p,sav_001,Bush 4,60,0.005086,runtime,world_decor,"{""16"": 30}"
0,31,31,31,bush,2p,sav_001,Bush 5,61,0.005256,runtime,world_decor,"{""16"": 31}"
0,1,1,1,reed,2p,sav_001,Reed 2,63,0.00017,runtime,world_decor,"{""80"": 1}"
0,1,1,1,reed,2p,sav_001,Reed 5,66,0.00017,runtime,world_decor,"{""80"": 1}"
2,216,218,218,adult_tree,2p,sav_001,Birch 1,68,0.03696,runtime,world_decor,"{""16"": 218}"
0,213,213,213,adult_tree,2p,sav_001,Birch 2,69,0.036112,runtime,world_decor,"{""16"": 213}"
2,235,237,237,adult_tree,2p,sav_001,Elm 1,70,0.040181,runtime,world_decor,"{""16"": 237}"
3,221,224,224,adult_tree,2p,sav_001,Elm 2,71,0.037977,runtime,world_decor,"{""16"": 224}"
6,192,198,198,adult_tree,2p,sav_001,Oak,72,0.033569,runtime,world_decor,"{""16"": 198}"
3,193,196,196,adult_tree,2p,sav_001,Adult Tree 6,73,0.03323,runtime,world_decor,"{""16"": 196}"
1,160,161,161,adult_tree,2p,sav_001,Adult Tree 7,74,0.027296,runtime,world_decor,"{""16"": 161}"
1,160,161,161,adult_tree,2p,sav_001,Adult Tree 8,75,0.027296,runtime,world_decor,"{""16"": 161}"
4,168,172,172,adult_tree,2p,sav_001,Adult Tree 9,76,0.029161,runtime,world_decor,"{""16"": 172}"
10,170,180,180,adult_tree,2p,sav_001,Adult Tree 10,77,0.030518,runtime,world_decor,"{""16"": 180}"
0,12,12,12,palm,2p,sav_001,Palm 1,78,0.002035,runtime,world_decor,"{""64"": 12}"
0,16,16,16,palm,2p,sav_001,Palm 2,79,0.002713,runtime,world_decor,"{""64"": 16}"
6,330,336,336,adult_tree,2p,sav_001,Adult Tree 13,80,0.056966,runtime,world_decor,"{""16"": 336}"
3,309,312,312,adult_tree,2p,sav_001,Adult Tree 14,81,0.052897,runtime,world_decor,"{""16"": 312}"
0,3,3,3,reef,2p,sav_001,Reef 2,112,0.000509,runtime,world_decor,"{""16"": 3}"
0,18,18,18,reef,2p,sav_001,Reef 3,113,0.003052,runtime,world_decor,"{""16"": 18}"
0,107,107,107,building_stone,2p,sav_001,Building Stone 1,115,0.018141,runtime,world_decor,"{""16"": 107}"
1,110,111,111,building_stone,2p,sav_001,Building Stone 2,116,0.018819,runtime,world_decor,"{""16"": 111}"
2,124,126,126,building_stone,2p,sav_001,Building Stone 3,117,0.021362,runtime,world_decor,"{""16"": 126}"
0,116,116,116,building_stone,2p,sav_001,Building Stone 4,118,0.019667,runtime,world_decor,"{""16"": 116}"
2,119,121,121,building_stone,2p,sav_001,Building Stone 5,119,0.020515,runtime,world_decor,"{""16"": 121}"
1,117,118,118,building_stone,2p,sav_001,Building Stone 6,120,0.020006,runtime,world_decor,"{""16"": 118}"
2,123,125,125,building_stone,2p,sav_001,Building Stone 7,121,0.021193,runtime,world_decor,"{""16"": 125}"
1,118,119,119,building_stone,2p,sav_001,Building Stone 8,122,0.020176,runtime,world_decor,"{""16"": 119}"
1,132,133,133,building_stone,2p,sav_001,Building Stone 9,123,0.022549,runtime,world_decor,"{""16"": 133}"
2,104,106,106,building_stone,2p,sav_001,Building Stone 10,124,0.017971,runtime,world_decor,"{""16"": 106}"
5,103,108,108,building_stone,2p,sav_001,Building Stone 11,125,0.018311,runtime,world_decor,"{""16"": 108}"
2,112,114,114,building_stone,2p,sav_001,Building Stone 12,126,0.019328,runtime,world_decor,"{""16"": 114}"
1,17,18,18,building_stone,2p,sav_001,Building Stone 13,127,0.003052,runtime,world_decor,"{""16"": 18}"
2,0,2,2,territory_marker,2p,sav_001,Red flag,255,0.000339,runtime,runtime_overlay,"{""16"": 1, ""28"": 1}"
2,43,45,45,big_stone,2p,sav_002,Big Stone 1,1,0.007629,static,world_decor,"{""16"": 45}"
0,31,31,31,big_stone,2p,sav_002,Big Stone 2,2,0.005256,static,world_decor,"{""16"": 31}"
0,33,33,33,big_stone,2p,sav_002,Big Stone 3,3,0.005595,static,world_decor,"{""16"": 33}"
0,32,32,32,big_stone,2p,sav_002,Big Stone 4,4,0.005425,static,world_decor,"{""16"": 32}"
1,29,30,30,big_stone,2p,sav_002,Big Stone 5,5,0.005086,static,world_decor,"{""16"": 30}"
1,34,35,35,big_stone,2p,sav_002,Big Stone 6,6,0.005934,static,world_decor,"{""16"": 35}"
0,34,34,34,big_stone,2p,sav_002,Big Stone 7,7,0.005764,static,world_decor,"{""16"": 34}"
0,33,33,33,big_stone,2p,sav_002,Big Stone 8,8,0.005595,static,world_decor,"{""16"": 33}"
0,37,37,37,decorative_stone,2p,sav_002,Decorative Stone 1,9,0.006273,static,world_decor,"{""16"": 37}"
0,41,41,41,decorative_stone,2p,sav_002,Decorative Stone 2,10,0.006951,static,world_decor,"{""16"": 41}"
3,34,37,37,decorative_stone,2p,sav_002,Decorative Stone 3,11,0.006273,static,world_decor,"{""16"": 37}"
1,27,28,28,decorative_stone,2p,sav_002,Decorative Stone 4,12,0.004747,static,world_decor,"{""16"": 28}"
0,31,31,31,border_stone,2p,sav_002,Border Stone 1,13,0.005256,static,world_decor,"{""16"": 31}"
0,25,25,25,border_stone,2p,sav_002,Border Stone 2,14,0.004239,static,world_decor,"{""16"": 25}"
0,22,22,22,border_stone,2p,sav_002,Border Stone 3,15,0.00373,static,world_decor,"{""16"": 22}"
0,33,33,33,border_stone,2p,sav_002,Border Stone 4,16,0.005595,static,world_decor,"{""16"": 33}"
0,31,31,31,border_stone,2p,sav_002,Border Stone 5,17,0.005256,static,world_decor,"{""16"": 31}"
0,29,29,29,border_stone,2p,sav_002,Border Stone 6,18,0.004917,static,world_decor,"{""16"": 29}"
0,35,35,35,border_stone,2p,sav_002,Border Stone 7,19,0.005934,static,world_decor,"{""16"": 35}"
0,40,40,40,border_stone,2p,sav_002,Border Stone 8,20,0.006782,static,world_decor,"{""16"": 40}"
0,31,31,31,small_stone,2p,sav_002,Small Stone 1,21,0.005256,static,world_decor,"{""16"": 31}"
0,29,29,29,small_stone,2p,sav_002,Small Stone 2,22,0.004917,static,world_decor,"{""16"": 29}"
0,28,28,28,small_stone,2p,sav_002,Small Stone 3,23,0.004747,static,world_decor,"{""16"": 28}"
0,22,22,22,small_stone,2p,sav_002,Small Stone 4,24,0.00373,static,world_decor,"{""16"": 22}"
0,30,30,30,small_stone,2p,sav_002,Small Stone 5,25,0.005086,static,world_decor,"{""16"": 30}"
0,29,29,29,small_stone,2p,sav_002,Small Stone 6,26,0.004917,static,world_decor,"{""16"": 29}"
0,33,33,33,small_stone,2p,sav_002,Small Stone 7,27,0.005595,static,world_decor,"{""16"": 33}"
0,32,32,32,small_stone,2p,sav_002,Small Stone 8,28,0.005425,static,world_decor,"{""16"": 32}"
0,2,2,2,wreck,2p,sav_002,Wreck 1,29,0.000339,static,world_decor,"{""48"": 2}"
0,3,3,3,wreck,2p,sav_002,Wreck 3,31,0.000509,static,world_decor,"{""48"": 3}"
0,1,1,1,wreck,2p,sav_002,Wreck 5,33,0.00017,static,world_decor,"{""48"": 1}"
0,33,33,33,grave,2p,sav_002,Grave,34,0.005595,static,world_decor,"{""16"": 33}"
0,27,27,27,small_plant,2p,sav_002,Small Plant 1,35,0.004578,static,world_decor,"{""16"": 27}"
0,29,29,29,small_plant,2p,sav_002,Small Plant 2,36,0.004917,static,world_decor,"{""16"": 29}"
0,25,25,25,small_plant,2p,sav_002,Small Plant 3,37,0.004239,static,world_decor,"{""16"": 25}"
0,30,30,30,toadstool,2p,sav_002,Toadstool 1,38,0.005086,static,world_decor,"{""16"": 30}"
1,35,36,36,toadstool,2p,sav_002,Toadstool 2,39,0.006104,static,world_decor,"{""16"": 36}"
0,31,31,31,toadstool,2p,sav_002,Toadstool 3,40,0.005256,static,world_decor,"{""16"": 31}"
0,32,32,32,stump,2p,sav_002,Tree Stump 1,41,0.005425,static,world_decor,"{""16"": 32}"
0,27,27,27,stump,2p,sav_002,Tree Stump 2,42,0.004578,static,world_decor,"{""16"": 27}"
0,4,4,4,dead_tree,2p,sav_002,Dead Tree 1,43,0.000678,static,world_decor,"{""64"": 4}"
0,7,7,7,dead_tree,2p,sav_002,Dead Tree 2,44,0.001187,static,world_decor,"{""64"": 7}"
0,7,7,7,cactus,2p,sav_002,Cactus 1,45,0.001187,static,world_decor,"{""64"": 7}"
0,7,7,7,cactus,2p,sav_002,Cactus 2,46,0.001187,static,world_decor,"{""64"": 7}"
0,1,1,1,cactus,2p,sav_002,Cactus 3,47,0.00017,static,world_decor,"{""64"": 1}"
0,5,5,5,cactus,2p,sav_002,Cactus 4,48,0.000848,static,world_decor,"{""64"": 5}"
0,3,3,3,skeleton,2p,sav_002,Skeleton,49,0.000509,static,world_decor,"{""64"": 3}"
3,28,31,31,small_flower,2p,sav_002,Small Flower 1,50,0.005256,static,world_decor,"{""16"": 31}"
0,26,26,26,small_flower,2p,sav_002,Small Flower 2,51,0.004408,static,world_decor,"{""16"": 26}"
0,23,23,23,small_flower,2p,sav_002,Small Flower 3,52,0.003899,static,world_decor,"{""16"": 23}"
0,33,33,33,small_bush,2p,sav_002,Small Bush 1,53,0.005595,static,world_decor,"{""16"": 33}"
1,27,28,28,small_bush,2p,sav_002,Small Bush 2,54,0.004747,static,world_decor,"{""16"": 28}"
2,26,28,28,small_bush,2p,sav_002,Small Bush 3,55,0.004747,static,world_decor,"{""16"": 27, ""28"": 1}"
0,27,27,27,small_bush,2p,sav_002,Small Bush 4,56,0.004578,static,world_decor,"{""16"": 27}"
0,32,32,32,bush,2p,sav_002,Bush 1,57,0.005425,static,world_decor,"{""16"": 32}"
0,25,25,25,bush,2p,sav_002,Bush 2,58,0.004239,static,world_decor,"{""16"": 25}"
0,28,28,28,bush,2p,sav_002,Bush 3,59,0.004747,static,world_decor,"{""16"": 28}"
0,31,31,31,bush,2p,sav_002,Bush 4,60,0.005256,static,world_decor,"{""16"": 31}"
0,26,26,26,bush,2p,sav_002,Bush 5,61,0.004408,static,world_decor,"{""16"": 26}"
0,1,1,1,reed,2p,sav_002,Reed 3,64,0.00017,static,world_decor,"{""80"": 1}"
0,1,1,1,reed,2p,sav_002,Reed 4,65,0.00017,static,world_decor,"{""80"": 1}"
2,249,251,251,adult_tree,2p,sav_002,Birch 1,68,0.042555,static,world_decor,"{""16"": 251}"
3,225,228,228,adult_tree,2p,sav_002,Birch 2,69,0.038656,static,world_decor,"{""16"": 228}"
0,185,185,185,adult_tree,2p,sav_002,Elm 1,70,0.031365,static,world_decor,"{""16"": 185}"
0,160,160,160,adult_tree,2p,sav_002,Elm 2,71,0.027127,static,world_decor,"{""16"": 160}"
1,224,225,225,adult_tree,2p,sav_002,Oak,72,0.038147,static,world_decor,"{""16"": 225}"
3,219,222,222,adult_tree,2p,sav_002,Adult Tree 6,73,0.037638,static,world_decor,"{""16"": 222}"
1,202,203,203,adult_tree,2p,sav_002,Adult Tree 7,74,0.034417,static,world_decor,"{""16"": 203}"
1,204,205,205,adult_tree,2p,sav_002,Adult Tree 8,75,0.034756,static,world_decor,"{""16"": 205}"
0,204,204,204,adult_tree,2p,sav_002,Adult Tree 9,76,0.034587,static,world_decor,"{""16"": 204}"
0,222,222,222,adult_tree,2p,sav_002,Adult Tree 10,77,0.037638,static,world_decor,"{""16"": 222}"
0,12,12,12,palm,2p,sav_002,Palm 1,78,0.002035,static,world_decor,"{""64"": 12}"
0,7,7,7,palm,2p,sav_002,Palm 2,79,0.001187,static,world_decor,"{""64"": 7}"
2,315,317,317,adult_tree,2p,sav_002,Adult Tree 13,80,0.053745,static,world_decor,"{""16"": 317}"
3,330,333,333,adult_tree,2p,sav_002,Adult Tree 14,81,0.056458,static,world_decor,"{""16"": 333}"
3,116,119,119,building_stone,2p,sav_002,Building Stone 1,115,0.020176,static,world_decor,"{""16"": 119}"
1,135,136,136,building_stone,2p,sav_002,Building Stone 2,116,0.023058,static,world_decor,"{""16"": 136}"
2,140,142,142,building_stone,2p,sav_002,Building Stone 3,117,0.024075,static,world_decor,"{""16"": 142}"
3,141,144,144,building_stone,2p,sav_002,Building Stone 4,118,0.024414,static,world_decor,"{""16"": 144}"
1,127,128,128,building_stone,2p,sav_002,Building Stone 5,119,0.021701,static,world_decor,"{""16"": 128}"
3,150,153,153,building_stone,2p,sav_002,Building Stone 6,120,0.02594,static,world_decor,"{""16"": 153}"
2,113,115,115,building_stone,2p,sav_002,Building Stone 7,121,0.019497,static,world_decor,"{""16"": 115}"
1,131,132,132,building_stone,2p,sav_002,Building Stone 8,122,0.02238,static,world_decor,"{""16"": 132}"
3,109,112,112,building_stone,2p,sav_002,Building Stone 9,123,0.018989,static,world_decor,"{""16"": 112}"
2,131,133,133,building_stone,2p,sav_002,Building Stone 10,124,0.022549,static,world_decor,"{""16"": 133}"
3,129,132,132,building_stone,2p,sav_002,Building Stone 11,125,0.02238,static,world_decor,"{""16"": 132}"
3,116,119,119,building_stone,2p,sav_002,Building Stone 12,126,0.020176,static,world_decor,"{""16"": 119}"
1,22,23,23,building_stone,2p,sav_002,Building Stone 13,127,0.003899,static,world_decor,"{""16"": 23}"
2,43,45,45,big_stone,2p,sav_002,Big Stone 1,1,0.007629,runtime,world_decor,"{""16"": 45}"
0,31,31,31,big_stone,2p,sav_002,Big Stone 2,2,0.005256,runtime,world_decor,"{""16"": 31}"
0,33,33,33,big_stone,2p,sav_002,Big Stone 3,3,0.005595,runtime,world_decor,"{""16"": 33}"
0,32,32,32,big_stone,2p,sav_002,Big Stone 4,4,0.005425,runtime,world_decor,"{""16"": 32}"
1,29,30,30,big_stone,2p,sav_002,Big Stone 5,5,0.005086,runtime,world_decor,"{""16"": 30}"
1,34,35,35,big_stone,2p,sav_002,Big Stone 6,6,0.005934,runtime,world_decor,"{""16"": 35}"
0,34,34,34,big_stone,2p,sav_002,Big Stone 7,7,0.005764,runtime,world_decor,"{""16"": 34}"
0,33,33,33,big_stone,2p,sav_002,Big Stone 8,8,0.005595,runtime,world_decor,"{""16"": 33}"
0,37,37,37,decorative_stone,2p,sav_002,Decorative Stone 1,9,0.006273,runtime,world_decor,"{""16"": 37}"
0,41,41,41,decorative_stone,2p,sav_002,Decorative Stone 2,10,0.006951,runtime,world_decor,"{""16"": 41}"
3,34,37,37,decorative_stone,2p,sav_002,Decorative Stone 3,11,0.006273,runtime,world_decor,"{""16"": 37}"
1,27,28,28,decorative_stone,2p,sav_002,Decorative Stone 4,12,0.004747,runtime,world_decor,"{""16"": 28}"
0,31,31,31,border_stone,2p,sav_002,Border Stone 1,13,0.005256,runtime,world_decor,"{""16"": 31}"
0,25,25,25,border_stone,2p,sav_002,Border Stone 2,14,0.004239,runtime,world_decor,"{""16"": 25}"
0,22,22,22,border_stone,2p,sav_002,Border Stone 3,15,0.00373,runtime,world_decor,"{""16"": 22}"
0,33,33,33,border_stone,2p,sav_002,Border Stone 4,16,0.005595,runtime,world_decor,"{""16"": 33}"
0,31,31,31,border_stone,2p,sav_002,Border Stone 5,17,0.005256,runtime,world_decor,"{""16"": 31}"
0,29,29,29,border_stone,2p,sav_002,Border Stone 6,18,0.004917,runtime,world_decor,"{""16"": 29}"
0,35,35,35,border_stone,2p,sav_002,Border Stone 7,19,0.005934,runtime,world_decor,"{""16"": 35}"
0,40,40,40,border_stone,2p,sav_002,Border Stone 8,20,0.006782,runtime,world_decor,"{""16"": 40}"
0,31,31,31,small_stone,2p,sav_002,Small Stone 1,21,0.005256,runtime,world_decor,"{""16"": 31}"
0,29,29,29,small_stone,2p,sav_002,Small Stone 2,22,0.004917,runtime,world_decor,"{""16"": 29}"
0,28,28,28,small_stone,2p,sav_002,Small Stone 3,23,0.004747,runtime,world_decor,"{""16"": 28}"
0,22,22,22,small_stone,2p,sav_002,Small Stone 4,24,0.00373,runtime,world_decor,"{""16"": 22}"
0,30,30,30,small_stone,2p,sav_002,Small Stone 5,25,0.005086,runtime,world_decor,"{""16"": 30}"
0,29,29,29,small_stone,2p,sav_002,Small Stone 6,26,0.004917,runtime,world_decor,"{""16"": 29}"
0,33,33,33,small_stone,2p,sav_002,Small Stone 7,27,0.005595,runtime,world_decor,"{""16"": 33}"
0,32,32,32,small_stone,2p,sav_002,Small Stone 8,28,0.005425,runtime,world_decor,"{""16"": 32}"
0,2,2,2,wreck,2p,sav_002,Wreck 1,29,0.000339,runtime,world_decor,"{""48"": 2}"
0,3,3,3,wreck,2p,sav_002,Wreck 3,31,0.000509,runtime,world_decor,"{""48"": 3}"
0,1,1,1,wreck,2p,sav_002,Wreck 5,33,0.00017,runtime,world_decor,"{""48"": 1}"
0,33,33,33,grave,2p,sav_002,Grave,34,0.005595,runtime,world_decor,"{""16"": 33}"
0,27,27,27,small_plant,2p,sav_002,Small Plant 1,35,0.004578,runtime,world_decor,"{""16"": 27}"
0,29,29,29,small_plant,2p,sav_002,Small Plant 2,36,0.004917,runtime,world_decor,"{""16"": 29}"
0,25,25,25,small_plant,2p,sav_002,Small Plant 3,37,0.004239,runtime,world_decor,"{""16"": 25}"
0,30,30,30,toadstool,2p,sav_002,Toadstool 1,38,0.005086,runtime,world_decor,"{""16"": 30}"
1,35,36,36,toadstool,2p,sav_002,Toadstool 2,39,0.006104,runtime,world_decor,"{""16"": 36}"
0,31,31,31,toadstool,2p,sav_002,Toadstool 3,40,0.005256,runtime,world_decor,"{""16"": 31}"
0,32,32,32,stump,2p,sav_002,Tree Stump 1,41,0.005425,runtime,world_decor,"{""16"": 32}"
0,27,27,27,stump,2p,sav_002,Tree Stump 2,42,0.004578,runtime,world_decor,"{""16"": 27}"
0,4,4,4,dead_tree,2p,sav_002,Dead Tree 1,43,0.000678,runtime,world_decor,"{""64"": 4}"
0,7,7,7,dead_tree,2p,sav_002,Dead Tree 2,44,0.001187,runtime,world_decor,"{""64"": 7}"
0,7,7,7,cactus,2p,sav_002,Cactus 1,45,0.001187,runtime,world_decor,"{""64"": 7}"
0,7,7,7,cactus,2p,sav_002,Cactus 2,46,0.001187,runtime,world_decor,"{""64"": 7}"
0,1,1,1,cactus,2p,sav_002,Cactus 3,47,0.00017,runtime,world_decor,"{""64"": 1}"
0,5,5,5,cactus,2p,sav_002,Cactus 4,48,0.000848,runtime,world_decor,"{""64"": 5}"
0,3,3,3,skeleton,2p,sav_002,Skeleton,49,0.000509,runtime,world_decor,"{""64"": 3}"
3,28,31,31,small_flower,2p,sav_002,Small Flower 1,50,0.005256,runtime,world_decor,"{""16"": 31}"
0,26,26,26,small_flower,2p,sav_002,Small Flower 2,51,0.004408,runtime,world_decor,"{""16"": 26}"
0,23,23,23,small_flower,2p,sav_002,Small Flower 3,52,0.003899,runtime,world_decor,"{""16"": 23}"
0,33,33,33,small_bush,2p,sav_002,Small Bush 1,53,0.005595,runtime,world_decor,"{""16"": 33}"
1,27,28,28,small_bush,2p,sav_002,Small Bush 2,54,0.004747,runtime,world_decor,"{""16"": 28}"
2,26,28,28,small_bush,2p,sav_002,Small Bush 3,55,0.004747,runtime,world_decor,"{""16"": 27, ""28"": 1}"
0,27,27,27,small_bush,2p,sav_002,Small Bush 4,56,0.004578,runtime,world_decor,"{""16"": 27}"
0,32,32,32,bush,2p,sav_002,Bush 1,57,0.005425,runtime,world_decor,"{""16"": 32}"
0,25,25,25,bush,2p,sav_002,Bush 2,58,0.004239,runtime,world_decor,"{""16"": 25}"
0,28,28,28,bush,2p,sav_002,Bush 3,59,0.004747,runtime,world_decor,"{""16"": 28}"
0,31,31,31,bush,2p,sav_002,Bush 4,60,0.005256,runtime,world_decor,"{""16"": 31}"
0,26,26,26,bush,2p,sav_002,Bush 5,61,0.004408,runtime,world_decor,"{""16"": 26}"
0,1,1,1,reed,2p,sav_002,Reed 3,64,0.00017,runtime,world_decor,"{""80"": 1}"
0,1,1,1,reed,2p,sav_002,Reed 4,65,0.00017,runtime,world_decor,"{""80"": 1}"
2,249,251,251,adult_tree,2p,sav_002,Birch 1,68,0.042555,runtime,world_decor,"{""16"": 251}"
3,225,228,228,adult_tree,2p,sav_002,Birch 2,69,0.038656,runtime,world_decor,"{""16"": 228}"
0,185,185,185,adult_tree,2p,sav_002,Elm 1,70,0.031365,runtime,world_decor,"{""16"": 185}"
0,160,160,160,adult_tree,2p,sav_002,Elm 2,71,0.027127,runtime,world_decor,"{""16"": 160}"
1,224,225,225,adult_tree,2p,sav_002,Oak,72,0.038147,runtime,world_decor,"{""16"": 225}"
3,219,222,222,adult_tree,2p,sav_002,Adult Tree 6,73,0.037638,runtime,world_decor,"{""16"": 222}"
1,202,203,203,adult_tree,2p,sav_002,Adult Tree 7,74,0.034417,runtime,world_decor,"{""16"": 203}"
1,204,205,205,adult_tree,2p,sav_002,Adult Tree 8,75,0.034756,runtime,world_decor,"{""16"": 205}"
0,204,204,204,adult_tree,2p,sav_002,Adult Tree 9,76,0.034587,runtime,world_decor,"{""16"": 204}"
0,222,222,222,adult_tree,2p,sav_002,Adult Tree 10,77,0.037638,runtime,world_decor,"{""16"": 222}"
0,12,12,12,palm,2p,sav_002,Palm 1,78,0.002035,runtime,world_decor,"{""64"": 12}"
0,7,7,7,palm,2p,sav_002,Palm 2,79,0.001187,runtime,world_decor,"{""64"": 7}"
2,315,317,317,adult_tree,2p,sav_002,Adult Tree 13,80,0.053745,runtime,world_decor,"{""16"": 317}"
3,330,333,333,adult_tree,2p,sav_002,Adult Tree 14,81,0.056458,runtime,world_decor,"{""16"": 333}"
0,3,3,3,reef,2p,sav_002,Reef 2,112,0.000509,runtime,world_decor,"{""16"": 3}"
0,18,18,18,reef,2p,sav_002,Reef 3,113,0.003052,runtime,world_decor,"{""16"": 17, ""20"": 1}"
3,116,119,119,building_stone,2p,sav_002,Building Stone 1,115,0.020176,runtime,world_decor,"{""16"": 119}"
1,135,136,136,building_stone,2p,sav_002,Building Stone 2,116,0.023058,runtime,world_decor,"{""16"": 136}"
2,140,142,142,building_stone,2p,sav_002,Building Stone 3,117,0.024075,runtime,world_decor,"{""16"": 142}"
3,141,144,144,building_stone,2p,sav_002,Building Stone 4,118,0.024414,runtime,world_decor,"{""16"": 144}"
1,127,128,128,building_stone,2p,sav_002,Building Stone 5,119,0.021701,runtime,world_decor,"{""16"": 128}"
3,150,153,153,building_stone,2p,sav_002,Building Stone 6,120,0.02594,runtime,world_decor,"{""16"": 153}"
2,113,115,115,building_stone,2p,sav_002,Building Stone 7,121,0.019497,runtime,world_decor,"{""16"": 115}"
1,131,132,132,building_stone,2p,sav_002,Building Stone 8,122,0.02238,runtime,world_decor,"{""16"": 132}"
3,109,112,112,building_stone,2p,sav_002,Building Stone 9,123,0.018989,runtime,world_decor,"{""16"": 112}"
2,131,133,133,building_stone,2p,sav_002,Building Stone 10,124,0.022549,runtime,world_decor,"{""16"": 133}"
3,129,132,132,building_stone,2p,sav_002,Building Stone 11,125,0.02238,runtime,world_decor,"{""16"": 132}"
3,116,119,119,building_stone,2p,sav_002,Building Stone 12,126,0.020176,runtime,world_decor,"{""16"": 119}"
1,22,23,23,building_stone,2p,sav_002,Building Stone 13,127,0.003899,runtime,world_decor,"{""16"": 23}"
2,0,2,2,territory_marker,2p,sav_002,Red flag,255,0.000339,runtime,runtime_overlay,"{""28"": 2}"
0,37,37,37,big_stone,2p,sav_003,Big Stone 1,1,0.006273,static,world_decor,"{""16"": 37}"
0,28,28,28,big_stone,2p,sav_003,Big Stone 2,2,0.004747,static,world_decor,"{""16"": 28}"
0,29,29,29,big_stone,2p,sav_003,Big Stone 3,3,0.004917,static,world_decor,"{""16"": 29}"
0,29,29,29,big_stone,2p,sav_003,Big Stone 4,4,0.004917,static,world_decor,"{""16"": 29}"
0,23,23,23,big_stone,2p,sav_003,Big Stone 5,5,0.003899,static,world_decor,"{""16"": 23}"
0,30,30,30,big_stone,2p,sav_003,Big Stone 6,6,0.005086,static,world_decor,"{""16"": 30}"
0,31,31,31,big_stone,2p,sav_003,Big Stone 7,7,0.005256,static,world_decor,"{""16"": 31}"
0,30,30,30,big_stone,2p,sav_003,Big Stone 8,8,0.005086,static,world_decor,"{""16"": 30}"
0,21,21,21,decorative_stone,2p,sav_003,Decorative Stone 1,9,0.00356,static,world_decor,"{""16"": 21}"
1,21,22,22,decorative_stone,2p,sav_003,Decorative Stone 2,10,0.00373,static,world_decor,"{""16"": 22}"
0,23,23,23,decorative_stone,2p,sav_003,Decorative Stone 3,11,0.003899,static,world_decor,"{""16"": 23}"
0,31,31,31,decorative_stone,2p,sav_003,Decorative Stone 4,12,0.005256,static,world_decor,"{""16"": 31}"
1,36,37,37,border_stone,2p,sav_003,Border Stone 1,13,0.006273,static,world_decor,"{""16"": 37}"
0,24,24,24,border_stone,2p,sav_003,Border Stone 2,14,0.004069,static,world_decor,"{""16"": 24}"
0,34,34,34,border_stone,2p,sav_003,Border Stone 3,15,0.005764,static,world_decor,"{""16"": 34}"
0,27,27,27,border_stone,2p,sav_003,Border Stone 4,16,0.004578,static,world_decor,"{""16"": 27}"
0,31,31,31,border_stone,2p,sav_003,Border Stone 5,17,0.005256,static,world_decor,"{""16"": 31}"
0,29,29,29,border_stone,2p,sav_003,Border Stone 6,18,0.004917,static,world_decor,"{""16"": 29}"
0,28,28,28,border_stone,2p,sav_003,Border Stone 7,19,0.004747,static,world_decor,"{""16"": 28}"
1,32,33,33,border_stone,2p,sav_003,Border Stone 8,20,0.005595,static,world_decor,"{""16"": 33}"
0,28,28,28,small_stone,2p,sav_003,Small Stone 1,21,0.004747,static,world_decor,"{""16"": 28}"
0,22,22,22,small_stone,2p,sav_003,Small Stone 2,22,0.00373,static,world_decor,"{""16"": 22}"
0,29,29,29,small_stone,2p,sav_003,Small Stone 3,23,0.004917,static,world_decor,"{""16"": 29}"
0,29,29,29,small_stone,2p,sav_003,Small Stone 4,24,0.004917,static,world_decor,"{""16"": 29}"
0,26,26,26,small_stone,2p,sav_003,Small Stone 5,25,0.004408,static,world_decor,"{""16"": 26}"
0,35,35,35,small_stone,2p,sav_003,Small Stone 6,26,0.005934,static,world_decor,"{""16"": 35}"
1,32,33,33,small_stone,2p,sav_003,Small Stone 7,27,0.005595,static,world_decor,"{""16"": 33}"
1,29,30,30,small_stone,2p,sav_003,Small Stone 8,28,0.005086,static,world_decor,"{""16"": 30}"
0,1,1,1,wreck,2p,sav_003,Wreck 1,29,0.00017,static,world_decor,"{""48"": 1}"
0,1,1,1,wreck,2p,sav_003,Wreck 2,30,0.00017,static,world_decor,"{""48"": 1}"
0,1,1,1,wreck,2p,sav_003,Wreck 3,31,0.00017,static,world_decor,"{""48"": 1}"
0,2,2,2,wreck,2p,sav_003,Wreck 4,32,0.000339,static,world_decor,"{""48"": 2}"
0,2,2,2,wreck,2p,sav_003,Wreck 5,33,0.000339,static,world_decor,"{""48"": 2}"
0,26,26,26,grave,2p,sav_003,Grave,34,0.004408,static,world_decor,"{""16"": 26}"
1,28,29,29,small_plant,2p,sav_003,Small Plant 1,35,0.004917,static,world_decor,"{""16"": 29}"
1,31,32,32,small_plant,2p,sav_003,Small Plant 2,36,0.005425,static,world_decor,"{""16"": 32}"
0,33,33,33,small_plant,2p,sav_003,Small Plant 3,37,0.005595,static,world_decor,"{""16"": 33}"
0,28,28,28,toadstool,2p,sav_003,Toadstool 1,38,0.004747,static,world_decor,"{""16"": 28}"
2,32,34,34,toadstool,2p,sav_003,Toadstool 2,39,0.005764,static,world_decor,"{""16"": 34}"
0,38,38,38,toadstool,2p,sav_003,Toadstool 3,40,0.006443,static,world_decor,"{""16"": 38}"
0,25,25,25,stump,2p,sav_003,Tree Stump 1,41,0.004239,static,world_decor,"{""16"": 25}"
0,28,28,28,stump,2p,sav_003,Tree Stump 2,42,0.004747,static,world_decor,"{""16"": 28}"
0,1,1,1,dead_tree,2p,sav_003,Dead Tree 1,43,0.00017,static,world_decor,"{""64"": 1}"
0,4,4,4,dead_tree,2p,sav_003,Dead Tree 2,44,0.000678,static,world_decor,"{""64"": 4}"
0,2,2,2,cactus,2p,sav_003,Cactus 1,45,0.000339,static,world_decor,"{""64"": 2}"
0,9,9,9,cactus,2p,sav_003,Cactus 2,46,0.001526,static,world_decor,"{""64"": 9}"
0,2,2,2,cactus,2p,sav_003,Cactus 3,47,0.000339,static,world_decor,"{""64"": 2}"
0,7,7,7,cactus,2p,sav_003,Cactus 4,48,0.001187,static,world_decor,"{""64"": 7}"
0,3,3,3,skeleton,2p,sav_003,Skeleton,49,0.000509,static,world_decor,"{""64"": 3}"
0,23,23,23,small_flower,2p,sav_003,Small Flower 1,50,0.003899,static,world_decor,"{""16"": 23}"
0,18,18,18,small_flower,2p,sav_003,Small Flower 2,51,0.003052,static,world_decor,"{""16"": 18}"
0,33,33,33,small_flower,2p,sav_003,Small Flower 3,52,0.005595,static,world_decor,"{""16"": 33}"
0,29,29,29,small_bush,2p,sav_003,Small Bush 1,53,0.004917,static,world_decor,"{""16"": 29}"
0,25,25,25,small_bush,2p,sav_003,Small Bush 2,54,0.004239,static,world_decor,"{""16"": 25}"
1,26,27,27,small_bush,2p,sav_003,Small Bush 3,55,0.004578,static,world_decor,"{""16"": 27}"
0,29,29,29,small_bush,2p,sav_003,Small Bush 4,56,0.004917,static,world_decor,"{""16"": 29}"
0,21,21,21,bush,2p,sav_003,Bush 1,57,0.00356,static,world_decor,"{""16"": 21}"
0,27,27,27,bush,2p,sav_003,Bush 2,58,0.004578,static,world_decor,"{""16"": 27}"
1,26,27,27,bush,2p,sav_003,Bush 3,59,0.004578,static,world_decor,"{""16"": 27}"
1,27,28,28,bush,2p,sav_003,Bush 4,60,0.004747,static,world_decor,"{""16"": 28}"
1,27,28,28,bush,2p,sav_003,Bush 5,61,0.004747,static,world_decor,"{""16"": 28}"
0,1,1,1,reed,2p,sav_003,Reed 1,62,0.00017,static,world_decor,"{""80"": 1}"
0,167,167,167,adult_tree,2p,sav_003,Birch 1,68,0.028314,static,world_decor,"{""16"": 167}"
3,207,210,210,adult_tree,2p,sav_003,Birch 2,69,0.035604,static,world_decor,"{""16"": 210}"
0,215,215,215,adult_tree,2p,sav_003,Elm 1,70,0.036452,static,world_decor,"{""16"": 215}"
2,224,226,226,adult_tree,2p,sav_003,Elm 2,71,0.038317,static,world_decor,"{""16"": 226}"
6,192,198,198,adult_tree,2p,sav_003,Oak,72,0.033569,static,world_decor,"{""16"": 198}"
3,228,231,231,adult_tree,2p,sav_003,Adult Tree 6,73,0.039164,static,world_decor,"{""16"": 231}"
0,199,199,199,adult_tree,2p,sav_003,Adult Tree 7,74,0.033739,static,world_decor,"{""16"": 199}"
0,197,197,197,adult_tree,2p,sav_003,Adult Tree 8,75,0.0334,static,world_decor,"{""16"": 197}"
0,142,142,142,adult_tree,2p,sav_003,Adult Tree 9,76,0.024075,static,world_decor,"{""16"": 142}"
4,157,161,161,adult_tree,2p,sav_003,Adult Tree 10,77,0.027296,static,world_decor,"{""16"": 161}"
1,2,3,3,palm,2p,sav_003,Palm 1,78,0.000509,static,world_decor,"{""64"": 3}"
0,5,5,5,palm,2p,sav_003,Palm 2,79,0.000848,static,world_decor,"{""64"": 5}"
1,278,279,279,adult_tree,2p,sav_003,Adult Tree 13,80,0.047302,static,world_decor,"{""16"": 279}"
0,287,287,287,adult_tree,2p,sav_003,Adult Tree 14,81,0.048659,static,world_decor,"{""16"": 287}"
1,119,120,120,building_stone,2p,sav_003,Building Stone 1,115,0.020345,static,world_decor,"{""16"": 120}"
0,131,131,131,building_stone,2p,sav_003,Building Stone 2,116,0.02221,static,world_decor,"{""16"": 131}"
1,135,136,136,building_stone,2p,sav_003,Building Stone 3,117,0.023058,static,world_decor,"{""16"": 136}"
0,130,130,130,building_stone,2p,sav_003,Building Stone 4,118,0.02204,static,world_decor,"{""16"": 130}"
1,109,110,110,building_stone,2p,sav_003,Building Stone 5,119,0.01865,static,world_decor,"{""16"": 110}"
0,119,119,119,building_stone,2p,sav_003,Building Stone 6,120,0.020176,static,world_decor,"{""16"": 119}"
0,174,174,174,building_stone,2p,sav_003,Building Stone 7,121,0.0295,static,world_decor,"{""16"": 174}"
0,127,127,127,building_stone,2p,sav_003,Building Stone 8,122,0.021532,static,world_decor,"{""16"": 127}"
1,128,129,129,building_stone,2p,sav_003,Building Stone 9,123,0.021871,static,world_decor,"{""16"": 129}"
1,132,133,133,building_stone,2p,sav_003,Building Stone 10,124,0.022549,static,world_decor,"{""16"": 133}"
2,134,136,136,building_stone,2p,sav_003,Building Stone 11,125,0.023058,static,world_decor,"{""16"": 136}"
1,129,130,130,building_stone,2p,sav_003,Building Stone 12,126,0.02204,static,world_decor,"{""16"": 130}"
0,16,16,16,building_stone,2p,sav_003,Building Stone 13,127,0.002713,static,world_decor,"{""16"": 16}"
0,37,37,37,big_stone,2p,sav_003,Big Stone 1,1,0.006273,runtime,world_decor,"{""16"": 37}"
0,28,28,28,big_stone,2p,sav_003,Big Stone 2,2,0.004747,runtime,world_decor,"{""16"": 28}"
0,29,29,29,big_stone,2p,sav_003,Big Stone 3,3,0.004917,runtime,world_decor,"{""16"": 29}"
0,29,29,29,big_stone,2p,sav_003,Big Stone 4,4,0.004917,runtime,world_decor,"{""16"": 29}"
0,23,23,23,big_stone,2p,sav_003,Big Stone 5,5,0.003899,runtime,world_decor,"{""16"": 23}"
0,30,30,30,big_stone,2p,sav_003,Big Stone 6,6,0.005086,runtime,world_decor,"{""16"": 30}"
0,31,31,31,big_stone,2p,sav_003,Big Stone 7,7,0.005256,runtime,world_decor,"{""16"": 31}"
0,30,30,30,big_stone,2p,sav_003,Big Stone 8,8,0.005086,runtime,world_decor,"{""16"": 30}"
0,21,21,21,decorative_stone,2p,sav_003,Decorative Stone 1,9,0.00356,runtime,world_decor,"{""16"": 21}"
1,21,22,22,decorative_stone,2p,sav_003,Decorative Stone 2,10,0.00373,runtime,world_decor,"{""16"": 22}"
0,23,23,23,decorative_stone,2p,sav_003,Decorative Stone 3,11,0.003899,runtime,world_decor,"{""16"": 23}"
0,31,31,31,decorative_stone,2p,sav_003,Decorative Stone 4,12,0.005256,runtime,world_decor,"{""16"": 31}"
1,36,37,37,border_stone,2p,sav_003,Border Stone 1,13,0.006273,runtime,world_decor,"{""16"": 37}"
0,24,24,24,border_stone,2p,sav_003,Border Stone 2,14,0.004069,runtime,world_decor,"{""16"": 24}"
0,34,34,34,border_stone,2p,sav_003,Border Stone 3,15,0.005764,runtime,world_decor,"{""16"": 34}"
0,27,27,27,border_stone,2p,sav_003,Border Stone 4,16,0.004578,runtime,world_decor,"{""16"": 27}"
0,31,31,31,border_stone,2p,sav_003,Border Stone 5,17,0.005256,runtime,world_decor,"{""16"": 31}"
0,29,29,29,border_stone,2p,sav_003,Border Stone 6,18,0.004917,runtime,world_decor,"{""16"": 29}"
0,28,28,28,border_stone,2p,sav_003,Border Stone 7,19,0.004747,runtime,world_decor,"{""16"": 28}"
1,32,33,33,border_stone,2p,sav_003,Border Stone 8,20,0.005595,runtime,world_decor,"{""16"": 33}"
0,28,28,28,small_stone,2p,sav_003,Small Stone 1,21,0.004747,runtime,world_decor,"{""16"": 28}"
0,22,22,22,small_stone,2p,sav_003,Small Stone 2,22,0.00373,runtime,world_decor,"{""16"": 22}"
0,29,29,29,small_stone,2p,sav_003,Small Stone 3,23,0.004917,runtime,world_decor,"{""16"": 29}"
0,29,29,29,small_stone,2p,sav_003,Small Stone 4,24,0.004917,runtime,world_decor,"{""16"": 29}"
0,26,26,26,small_stone,2p,sav_003,Small Stone 5,25,0.004408,runtime,world_decor,"{""16"": 26}"
0,35,35,35,small_stone,2p,sav_003,Small Stone 6,26,0.005934,runtime,world_decor,"{""16"": 35}"
1,32,33,33,small_stone,2p,sav_003,Small Stone 7,27,0.005595,runtime,world_decor,"{""16"": 33}"
1,29,30,30,small_stone,2p,sav_003,Small Stone 8,28,0.005086,runtime,world_decor,"{""16"": 30}"
0,1,1,1,wreck,2p,sav_003,Wreck 1,29,0.00017,runtime,world_decor,"{""48"": 1}"
0,1,1,1,wreck,2p,sav_003,Wreck 2,30,0.00017,runtime,world_decor,"{""48"": 1}"
0,1,1,1,wreck,2p,sav_003,Wreck 3,31,0.00017,runtime,world_decor,"{""48"": 1}"
0,2,2,2,wreck,2p,sav_003,Wreck 4,32,0.000339,runtime,world_decor,"{""48"": 2}"
0,2,2,2,wreck,2p,sav_003,Wreck 5,33,0.000339,runtime,world_decor,"{""48"": 2}"
0,26,26,26,grave,2p,sav_003,Grave,34,0.004408,runtime,world_decor,"{""16"": 26}"
1,28,29,29,small_plant,2p,sav_003,Small Plant 1,35,0.004917,runtime,world_decor,"{""16"": 29}"
1,31,32,32,small_plant,2p,sav_003,Small Plant 2,36,0.005425,runtime,world_decor,"{""16"": 32}"
0,33,33,33,small_plant,2p,sav_003,Small Plant 3,37,0.005595,runtime,world_decor,"{""16"": 33}"
0,28,28,28,toadstool,2p,sav_003,Toadstool 1,38,0.004747,runtime,world_decor,"{""16"": 28}"
2,32,34,34,toadstool,2p,sav_003,Toadstool 2,39,0.005764,runtime,world_decor,"{""16"": 34}"
0,38,38,38,toadstool,2p,sav_003,Toadstool 3,40,0.006443,runtime,world_decor,"{""16"": 38}"
0,25,25,25,stump,2p,sav_003,Tree Stump 1,41,0.004239,runtime,world_decor,"{""16"": 25}"
0,28,28,28,stump,2p,sav_003,Tree Stump 2,42,0.004747,runtime,world_decor,"{""16"": 28}"
0,1,1,1,dead_tree,2p,sav_003,Dead Tree 1,43,0.00017,runtime,world_decor,"{""64"": 1}"
0,4,4,4,dead_tree,2p,sav_003,Dead Tree 2,44,0.000678,runtime,world_decor,"{""64"": 4}"
0,2,2,2,cactus,2p,sav_003,Cactus 1,45,0.000339,runtime,world_decor,"{""64"": 2}"
0,9,9,9,cactus,2p,sav_003,Cactus 2,46,0.001526,runtime,world_decor,"{""64"": 9}"
0,2,2,2,cactus,2p,sav_003,Cactus 3,47,0.000339,runtime,world_decor,"{""64"": 2}"
0,7,7,7,cactus,2p,sav_003,Cactus 4,48,0.001187,runtime,world_decor,"{""64"": 7}"
0,3,3,3,skeleton,2p,sav_003,Skeleton,49,0.000509,runtime,world_decor,"{""64"": 3}"
0,23,23,23,small_flower,2p,sav_003,Small Flower 1,50,0.003899,runtime,world_decor,"{""16"": 23}"
0,18,18,18,small_flower,2p,sav_003,Small Flower 2,51,0.003052,runtime,world_decor,"{""16"": 18}"
0,33,33,33,small_flower,2p,sav_003,Small Flower 3,52,0.005595,runtime,world_decor,"{""16"": 33}"
0,29,29,29,small_bush,2p,sav_003,Small Bush 1,53,0.004917,runtime,world_decor,"{""16"": 29}"
0,25,25,25,small_bush,2p,sav_003,Small Bush 2,54,0.004239,runtime,world_decor,"{""16"": 25}"
1,26,27,27,small_bush,2p,sav_003,Small Bush 3,55,0.004578,runtime,world_decor,"{""16"": 27}"
0,29,29,29,small_bush,2p,sav_003,Small Bush 4,56,0.004917,runtime,world_decor,"{""16"": 29}"
0,21,21,21,bush,2p,sav_003,Bush 1,57,0.00356,runtime,world_decor,"{""16"": 21}"
0,27,27,27,bush,2p,sav_003,Bush 2,58,0.004578,runtime,world_decor,"{""16"": 27}"
1,26,27,27,bush,2p,sav_003,Bush 3,59,0.004578,runtime,world_decor,"{""16"": 27}"
1,27,28,28,bush,2p,sav_003,Bush 4,60,0.004747,runtime,world_decor,"{""16"": 28}"
1,27,28,28,bush,2p,sav_003,Bush 5,61,0.004747,runtime,world_decor,"{""16"": 28}"
0,1,1,1,reed,2p,sav_003,Reed 1,62,0.00017,runtime,world_decor,"{""80"": 1}"
0,167,167,167,adult_tree,2p,sav_003,Birch 1,68,0.028314,runtime,world_decor,"{""16"": 167}"
3,207,210,210,adult_tree,2p,sav_003,Birch 2,69,0.035604,runtime,world_decor,"{""16"": 210}"
0,215,215,215,adult_tree,2p,sav_003,Elm 1,70,0.036452,runtime,world_decor,"{""16"": 215}"
2,224,226,226,adult_tree,2p,sav_003,Elm 2,71,0.038317,runtime,world_decor,"{""16"": 226}"
6,192,198,198,adult_tree,2p,sav_003,Oak,72,0.033569,runtime,world_decor,"{""16"": 198}"
3,228,231,231,adult_tree,2p,sav_003,Adult Tree 6,73,0.039164,runtime,world_decor,"{""16"": 231}"
0,199,199,199,adult_tree,2p,sav_003,Adult Tree 7,74,0.033739,runtime,world_decor,"{""16"": 199}"
0,197,197,197,adult_tree,2p,sav_003,Adult Tree 8,75,0.0334,runtime,world_decor,"{""16"": 197}"
0,142,142,142,adult_tree,2p,sav_003,Adult Tree 9,76,0.024075,runtime,world_decor,"{""16"": 142}"
4,157,161,161,adult_tree,2p,sav_003,Adult Tree 10,77,0.027296,runtime,world_decor,"{""16"": 161}"
1,2,3,3,palm,2p,sav_003,Palm 1,78,0.000509,runtime,world_decor,"{""64"": 3}"
0,5,5,5,palm,2p,sav_003,Palm 2,79,0.000848,runtime,world_decor,"{""64"": 5}"
1,278,279,279,adult_tree,2p,sav_003,Adult Tree 13,80,0.047302,runtime,world_decor,"{""16"": 279}"
0,287,287,287,adult_tree,2p,sav_003,Adult Tree 14,81,0.048659,runtime,world_decor,"{""16"": 287}"
0,1,1,1,reef,2p,sav_003,Reef 2,112,0.00017,runtime,world_decor,"{""16"": 1}"
0,6,6,6,reef,2p,sav_003,Reef 3,113,0.001017,runtime,world_decor,"{""16"": 6}"
1,119,120,120,building_stone,2p,sav_003,Building Stone 1,115,0.020345,runtime,world_decor,"{""16"": 120}"
0,131,131,131,building_stone,2p,sav_003,Building Stone 2,116,0.02221,runtime,world_decor,"{""16"": 131}"
1,135,136,136,building_stone,2p,sav_003,Building Stone 3,117,0.023058,runtime,world_decor,"{""16"": 136}"
0,130,130,130,building_stone,2p,sav_003,Building Stone 4,118,0.02204,runtime,world_decor,"{""16"": 130}"
1,109,110,110,building_stone,2p,sav_003,Building Stone 5,119,0.01865,runtime,world_decor,"{""16"": 110}"
0,119,119,119,building_stone,2p,sav_003,Building Stone 6,120,0.020176,runtime,world_decor,"{""16"": 119}"
0,174,174,174,building_stone,2p,sav_003,Building Stone 7,121,0.0295,runtime,world_decor,"{""16"": 174}"
0,127,127,127,building_stone,2p,sav_003,Building Stone 8,122,0.021532,runtime,world_decor,"{""16"": 127}"
1,128,129,129,building_stone,2p,sav_003,Building Stone 9,123,0.021871,runtime,world_decor,"{""16"": 129}"
1,132,133,133,building_stone,2p,sav_003,Building Stone 10,124,0.022549,runtime,world_decor,"{""16"": 133}"
2,134,136,136,building_stone,2p,sav_003,Building Stone 11,125,0.023058,runtime,world_decor,"{""16"": 136}"
1,129,130,130,building_stone,2p,sav_003,Building Stone 12,126,0.02204,runtime,world_decor,"{""16"": 130}"
0,16,16,16,building_stone,2p,sav_003,Building Stone 13,127,0.002713,runtime,world_decor,"{""16"": 16}"
2,0,2,2,territory_marker,2p,sav_003,Red flag,255,0.000339,runtime,runtime_overlay,"{""28"": 2}"
1,30,31,31,big_stone,2p,sav_004,Big Stone 1,1,0.005256,static,world_decor,"{""16"": 31}"
1,30,31,31,big_stone,2p,sav_004,Big Stone 2,2,0.005256,static,world_decor,"{""16"": 31}"
0,32,32,32,big_stone,2p,sav_004,Big Stone 3,3,0.005425,static,world_decor,"{""16"": 32}"
1,31,32,32,big_stone,2p,sav_004,Big Stone 4,4,0.005425,static,world_decor,"{""16"": 32}"
1,28,29,29,big_stone,2p,sav_004,Big Stone 5,5,0.004917,static,world_decor,"{""16"": 29}"
1,34,35,35,big_stone,2p,sav_004,Big Stone 6,6,0.005934,static,world_decor,"{""16"": 35}"
1,26,27,27,big_stone,2p,sav_004,Big Stone 7,7,0.004578,static,world_decor,"{""16"": 26, ""28"": 1}"
0,34,34,34,big_stone,2p,sav_004,Big Stone 8,8,0.005764,static,world_decor,"{""16"": 34}"
2,34,36,36,decorative_stone,2p,sav_004,Decorative Stone 1,9,0.006104,static,world_decor,"{""16"": 36}"
0,26,26,26,decorative_stone,2p,sav_004,Decorative Stone 2,10,0.004408,static,world_decor,"{""16"": 26}"
0,33,33,33,decorative_stone,2p,sav_004,Decorative Stone 3,11,0.005595,static,world_decor,"{""16"": 33}"
0,31,31,31,decorative_stone,2p,sav_004,Decorative Stone 4,12,0.005256,static,world_decor,"{""16"": 31}"
0,35,35,35,border_stone,2p,sav_004,Border Stone 1,13,0.005934,static,world_decor,"{""16"": 35}"
0,30,30,30,border_stone,2p,sav_004,Border Stone 2,14,0.005086,static,world_decor,"{""16"": 30}"
0,30,30,30,border_stone,2p,sav_004,Border Stone 3,15,0.005086,static,world_decor,"{""16"": 30}"
0,28,28,28,border_stone,2p,sav_004,Border Stone 4,16,0.004747,static,world_decor,"{""16"": 28}"
1,26,27,27,border_stone,2p,sav_004,Border Stone 5,17,0.004578,static,world_decor,"{""16"": 27}"
1,26,27,27,border_stone,2p,sav_004,Border Stone 6,18,0.004578,static,world_decor,"{""16"": 27}"
1,21,22,22,border_stone,2p,sav_004,Border Stone 7,19,0.00373,static,world_decor,"{""16"": 22}"
0,32,32,32,border_stone,2p,sav_004,Border Stone 8,20,0.005425,static,world_decor,"{""16"": 32}"
1,30,31,31,small_stone,2p,sav_004,Small Stone 1,21,0.005256,static,world_decor,"{""16"": 31}"
0,25,25,25,small_stone,2p,sav_004,Small Stone 2,22,0.004239,static,world_decor,"{""16"": 25}"
1,24,25,25,small_stone,2p,sav_004,Small Stone 3,23,0.004239,static,world_decor,"{""16"": 25}"
0,27,27,27,small_stone,2p,sav_004,Small Stone 4,24,0.004578,static,world_decor,"{""16"": 27}"
0,29,29,29,small_stone,2p,sav_004,Small Stone 5,25,0.004917,static,world_decor,"{""16"": 29}"
2,26,28,28,small_stone,2p,sav_004,Small Stone 6,26,0.004747,static,world_decor,"{""16"": 28}"
0,29,29,29,small_stone,2p,sav_004,Small Stone 7,27,0.004917,static,world_decor,"{""16"": 29}"
0,29,29,29,small_stone,2p,sav_004,Small Stone 8,28,0.004917,static,world_decor,"{""16"": 29}"
0,1,1,1,wreck,2p,sav_004,Wreck 2,30,0.00017,static,world_decor,"{""48"": 1}"
0,2,2,2,wreck,2p,sav_004,Wreck 3,31,0.000339,static,world_decor,"{""48"": 2}"
0,1,1,1,wreck,2p,sav_004,Wreck 4,32,0.00017,static,world_decor,"{""48"": 1}"
0,1,1,1,wreck,2p,sav_004,Wreck 5,33,0.00017,static,world_decor,"{""48"": 1}"
2,28,30,30,grave,2p,sav_004,Grave,34,0.005086,static,world_decor,"{""16"": 30}"
0,33,33,33,small_plant,2p,sav_004,Small Plant 1,35,0.005595,static,world_decor,"{""16"": 33}"
0,32,32,32,small_plant,2p,sav_004,Small Plant 2,36,0.005425,static,world_decor,"{""16"": 32}"
0,29,29,29,small_plant,2p,sav_004,Small Plant 3,37,0.004917,static,world_decor,"{""16"": 29}"
0,30,30,30,toadstool,2p,sav_004,Toadstool 1,38,0.005086,static,world_decor,"{""16"": 30}"
0,32,32,32,toadstool,2p,sav_004,Toadstool 2,39,0.005425,static,world_decor,"{""16"": 32}"
0,29,29,29,toadstool,2p,sav_004,Toadstool 3,40,0.004917,static,world_decor,"{""16"": 29}"
0,24,24,24,stump,2p,sav_004,Tree Stump 1,41,0.004069,static,world_decor,"{""16"": 24}"
0,30,30,30,stump,2p,sav_004,Tree Stump 2,42,0.005086,static,world_decor,"{""16"": 30}"
0,3,3,3,dead_tree,2p,sav_004,Dead Tree 1,43,0.000509,static,world_decor,"{""64"": 3}"
0,2,2,2,dead_tree,2p,sav_004,Dead Tree 2,44,0.000339,static,world_decor,"{""64"": 2}"
0,5,5,5,cactus,2p,sav_004,Cactus 1,45,0.000848,static,world_decor,"{""64"": 5}"
0,8,8,8,cactus,2p,sav_004,Cactus 2,46,0.001356,static,world_decor,"{""64"": 8}"
0,6,6,6,cactus,2p,sav_004,Cactus 3,47,0.001017,static,world_decor,"{""64"": 6}"
0,9,9,9,cactus,2p,sav_004,Cactus 4,48,0.001526,static,world_decor,"{""64"": 9}"
0,3,3,3,skeleton,2p,sav_004,Skeleton,49,0.000509,static,world_decor,"{""64"": 3}"
0,34,34,34,small_flower,2p,sav_004,Small Flower 1,50,0.005764,static,world_decor,"{""16"": 34}"
0,31,31,31,small_flower,2p,sav_004,Small Flower 2,51,0.005256,static,world_decor,"{""16"": 31}"
0,31,31,31,small_flower,2p,sav_004,Small Flower 3,52,0.005256,static,world_decor,"{""16"": 31}"
0,26,26,26,small_bush,2p,sav_004,Small Bush 1,53,0.004408,static,world_decor,"{""16"": 26}"
1,22,23,23,small_bush,2p,sav_004,Small Bush 2,54,0.003899,static,world_decor,"{""16"": 23}"
0,26,26,26,small_bush,2p,sav_004,Small Bush 3,55,0.004408,static,world_decor,"{""16"": 26}"
0,27,27,27,small_bush,2p,sav_004,Small Bush 4,56,0.004578,static,world_decor,"{""16"": 27}"
0,29,29,29,bush,2p,sav_004,Bush 1,57,0.004917,static,world_decor,"{""16"": 29}"
0,30,30,30,bush,2p,sav_004,Bush 2,58,0.005086,static,world_decor,"{""16"": 30}"
0,24,24,24,bush,2p,sav_004,Bush 3,59,0.004069,static,world_decor,"{""16"": 24}"
1,21,22,22,bush,2p,sav_004,Bush 4,60,0.00373,static,world_decor,"{""16"": 22}"
1,29,30,30,bush,2p,sav_004,Bush 5,61,0.005086,static,world_decor,"{""16"": 30}"
0,1,1,1,reed,2p,sav_004,Reed 3,64,0.00017,static,world_decor,"{""80"": 1}"
0,1,1,1,reed,2p,sav_004,Reed 4,65,0.00017,static,world_decor,"{""80"": 1}"
1,197,198,198,adult_tree,2p,sav_004,Birch 1,68,0.033569,static,world_decor,"{""16"": 198}"
0,187,187,187,adult_tree,2p,sav_004,Birch 2,69,0.031704,static,world_decor,"{""16"": 187}"
4,200,204,204,adult_tree,2p,sav_004,Elm 1,70,0.034587,static,world_decor,"{""16"": 204}"
3,208,211,211,adult_tree,2p,sav_004,Elm 2,71,0.035773,static,world_decor,"{""16"": 211}"
1,205,206,206,adult_tree,2p,sav_004,Oak,72,0.034926,static,world_decor,"{""16"": 206}"
0,231,231,231,adult_tree,2p,sav_004,Adult Tree 6,73,0.039164,static,world_decor,"{""16"": 231}"
0,201,201,201,adult_tree,2p,sav_004,Adult Tree 7,74,0.034078,static,world_decor,"{""16"": 201}"
2,211,213,213,adult_tree,2p,sav_004,Adult Tree 8,75,0.036112,static,world_decor,"{""16"": 213}"
3,183,186,186,adult_tree,2p,sav_004,Adult Tree 9,76,0.031535,static,world_decor,"{""16"": 186}"
4,204,208,208,adult_tree,2p,sav_004,Adult Tree 10,77,0.035265,static,world_decor,"{""16"": 208}"
0,8,8,8,palm,2p,sav_004,Palm 1,78,0.001356,static,world_decor,"{""64"": 8}"
0,4,4,4,palm,2p,sav_004,Palm 2,79,0.000678,static,world_decor,"{""64"": 4}"
2,330,332,332,adult_tree,2p,sav_004,Adult Tree 13,80,0.056288,static,world_decor,"{""16"": 332}"
5,345,350,350,adult_tree,2p,sav_004,Adult Tree 14,81,0.05934,static,world_decor,"{""16"": 350}"
4,106,110,110,building_stone,2p,sav_004,Building Stone 1,115,0.01865,static,world_decor,"{""16"": 110}"
2,119,121,121,building_stone,2p,sav_004,Building Stone 2,116,0.020515,static,world_decor,"{""16"": 121}"
4,109,113,113,building_stone,2p,sav_004,Building Stone 3,117,0.019158,static,world_decor,"{""16"": 113}"
2,132,134,134,building_stone,2p,sav_004,Building Stone 4,118,0.022719,static,world_decor,"{""16"": 134}"
3,103,106,106,building_stone,2p,sav_004,Building Stone 5,119,0.017971,static,world_decor,"{""16"": 106}"
2,121,123,123,building_stone,2p,sav_004,Building Stone 6,120,0.020854,static,world_decor,"{""16"": 123}"
1,135,136,136,building_stone,2p,sav_004,Building Stone 7,121,0.023058,static,world_decor,"{""16"": 136}"
3,127,130,130,building_stone,2p,sav_004,Building Stone 8,122,0.02204,static,world_decor,"{""16"": 130}"
2,128,130,130,building_stone,2p,sav_004,Building Stone 9,123,0.02204,static,world_decor,"{""16"": 130}"
2,136,138,138,building_stone,2p,sav_004,Building Stone 10,124,0.023397,static,world_decor,"{""16"": 138}"
2,141,143,143,building_stone,2p,sav_004,Building Stone 11,125,0.024245,static,world_decor,"{""16"": 143}"
3,112,115,115,building_stone,2p,sav_004,Building Stone 12,126,0.019497,static,world_decor,"{""16"": 115}"
0,16,16,16,building_stone,2p,sav_004,Building Stone 13,127,0.002713,static,world_decor,"{""16"": 16}"
1,30,31,31,big_stone,2p,sav_004,Big Stone 1,1,0.005256,runtime,world_decor,"{""16"": 31}"
1,30,31,31,big_stone,2p,sav_004,Big Stone 2,2,0.005256,runtime,world_decor,"{""16"": 31}"
0,32,32,32,big_stone,2p,sav_004,Big Stone 3,3,0.005425,runtime,world_decor,"{""16"": 32}"
1,31,32,32,big_stone,2p,sav_004,Big Stone 4,4,0.005425,runtime,world_decor,"{""16"": 32}"
1,28,29,29,big_stone,2p,sav_004,Big Stone 5,5,0.004917,runtime,world_decor,"{""16"": 29}"
1,34,35,35,big_stone,2p,sav_004,Big Stone 6,6,0.005934,runtime,world_decor,"{""16"": 35}"
1,26,27,27,big_stone,2p,sav_004,Big Stone 7,7,0.004578,runtime,world_decor,"{""16"": 26, ""28"": 1}"
0,34,34,34,big_stone,2p,sav_004,Big Stone 8,8,0.005764,runtime,world_decor,"{""16"": 34}"
2,34,36,36,decorative_stone,2p,sav_004,Decorative Stone 1,9,0.006104,runtime,world_decor,"{""16"": 36}"
0,26,26,26,decorative_stone,2p,sav_004,Decorative Stone 2,10,0.004408,runtime,world_decor,"{""16"": 26}"
0,33,33,33,decorative_stone,2p,sav_004,Decorative Stone 3,11,0.005595,runtime,world_decor,"{""16"": 33}"
0,31,31,31,decorative_stone,2p,sav_004,Decorative Stone 4,12,0.005256,runtime,world_decor,"{""16"": 31}"
0,35,35,35,border_stone,2p,sav_004,Border Stone 1,13,0.005934,runtime,world_decor,"{""16"": 35}"
0,30,30,30,border_stone,2p,sav_004,Border Stone 2,14,0.005086,runtime,world_decor,"{""16"": 30}"
0,30,30,30,border_stone,2p,sav_004,Border Stone 3,15,0.005086,runtime,world_decor,"{""16"": 30}"
0,28,28,28,border_stone,2p,sav_004,Border Stone 4,16,0.004747,runtime,world_decor,"{""16"": 28}"
1,26,27,27,border_stone,2p,sav_004,Border Stone 5,17,0.004578,runtime,world_decor,"{""16"": 27}"
1,26,27,27,border_stone,2p,sav_004,Border Stone 6,18,0.004578,runtime,world_decor,"{""16"": 27}"
1,21,22,22,border_stone,2p,sav_004,Border Stone 7,19,0.00373,runtime,world_decor,"{""16"": 22}"
0,32,32,32,border_stone,2p,sav_004,Border Stone 8,20,0.005425,runtime,world_decor,"{""16"": 32}"
1,30,31,31,small_stone,2p,sav_004,Small Stone 1,21,0.005256,runtime,world_decor,"{""16"": 31}"
0,25,25,25,small_stone,2p,sav_004,Small Stone 2,22,0.004239,runtime,world_decor,"{""16"": 25}"
1,24,25,25,small_stone,2p,sav_004,Small Stone 3,23,0.004239,runtime,world_decor,"{""16"": 25}"
0,27,27,27,small_stone,2p,sav_004,Small Stone 4,24,0.004578,runtime,world_decor,"{""16"": 27}"
0,29,29,29,small_stone,2p,sav_004,Small Stone 5,25,0.004917,runtime,world_decor,"{""16"": 29}"
2,26,28,28,small_stone,2p,sav_004,Small Stone 6,26,0.004747,runtime,world_decor,"{""16"": 28}"
0,29,29,29,small_stone,2p,sav_004,Small Stone 7,27,0.004917,runtime,world_decor,"{""16"": 29}"
0,29,29,29,small_stone,2p,sav_004,Small Stone 8,28,0.004917,runtime,world_decor,"{""16"": 29}"
0,1,1,1,wreck,2p,sav_004,Wreck 2,30,0.00017,runtime,world_decor,"{""48"": 1}"
0,2,2,2,wreck,2p,sav_004,Wreck 3,31,0.000339,runtime,world_decor,"{""48"": 2}"
0,1,1,1,wreck,2p,sav_004,Wreck 4,32,0.00017,runtime,world_decor,"{""48"": 1}"
0,1,1,1,wreck,2p,sav_004,Wreck 5,33,0.00017,runtime,world_decor,"{""48"": 1}"
2,28,30,30,grave,2p,sav_004,Grave,34,0.005086,runtime,world_decor,"{""16"": 30}"
0,33,33,33,small_plant,2p,sav_004,Small Plant 1,35,0.005595,runtime,world_decor,"{""16"": 33}"
0,32,32,32,small_plant,2p,sav_004,Small Plant 2,36,0.005425,runtime,world_decor,"{""16"": 32}"
0,29,29,29,small_plant,2p,sav_004,Small Plant 3,37,0.004917,runtime,world_decor,"{""16"": 29}"
0,30,30,30,toadstool,2p,sav_004,Toadstool 1,38,0.005086,runtime,world_decor,"{""16"": 30}"
0,32,32,32,toadstool,2p,sav_004,Toadstool 2,39,0.005425,runtime,world_decor,"{""16"": 32}"
0,29,29,29,toadstool,2p,sav_004,Toadstool 3,40,0.004917,runtime,world_decor,"{""16"": 29}"
0,24,24,24,stump,2p,sav_004,Tree Stump 1,41,0.004069,runtime,world_decor,"{""16"": 24}"
0,30,30,30,stump,2p,sav_004,Tree Stump 2,42,0.005086,runtime,world_decor,"{""16"": 30}"
0,3,3,3,dead_tree,2p,sav_004,Dead Tree 1,43,0.000509,runtime,world_decor,"{""64"": 3}"
0,2,2,2,dead_tree,2p,sav_004,Dead Tree 2,44,0.000339,runtime,world_decor,"{""64"": 2}"
0,5,5,5,cactus,2p,sav_004,Cactus 1,45,0.000848,runtime,world_decor,"{""64"": 5}"
0,8,8,8,cactus,2p,sav_004,Cactus 2,46,0.001356,runtime,world_decor,"{""64"": 8}"
0,6,6,6,cactus,2p,sav_004,Cactus 3,47,0.001017,runtime,world_decor,"{""64"": 6}"
0,9,9,9,cactus,2p,sav_004,Cactus 4,48,0.001526,runtime,world_decor,"{""64"": 9}"
0,3,3,3,skeleton,2p,sav_004,Skeleton,49,0.000509,runtime,world_decor,"{""64"": 3}"
0,34,34,34,small_flower,2p,sav_004,Small Flower 1,50,0.005764,runtime,world_decor,"{""16"": 34}"
0,31,31,31,small_flower,2p,sav_004,Small Flower 2,51,0.005256,runtime,world_decor,"{""16"": 31}"
0,31,31,31,small_flower,2p,sav_004,Small Flower 3,52,0.005256,runtime,world_decor,"{""16"": 31}"
0,26,26,26,small_bush,2p,sav_004,Small Bush 1,53,0.004408,runtime,world_decor,"{""16"": 26}"
1,22,23,23,small_bush,2p,sav_004,Small Bush 2,54,0.003899,runtime,world_decor,"{""16"": 23}"
0,26,26,26,small_bush,2p,sav_004,Small Bush 3,55,0.004408,runtime,world_decor,"{""16"": 26}"
0,27,27,27,small_bush,2p,sav_004,Small Bush 4,56,0.004578,runtime,world_decor,"{""16"": 27}"
0,29,29,29,bush,2p,sav_004,Bush 1,57,0.004917,runtime,world_decor,"{""16"": 29}"
0,30,30,30,bush,2p,sav_004,Bush 2,58,0.005086,runtime,world_decor,"{""16"": 30}"
0,24,24,24,bush,2p,sav_004,Bush 3,59,0.004069,runtime,world_decor,"{""16"": 24}"
1,21,22,22,bush,2p,sav_004,Bush 4,60,0.00373,runtime,world_decor,"{""16"": 22}"
1,29,30,30,bush,2p,sav_004,Bush 5,61,0.005086,runtime,world_decor,"{""16"": 30}"
0,1,1,1,reed,2p,sav_004,Reed 3,64,0.00017,runtime,world_decor,"{""80"": 1}"
0,1,1,1,reed,2p,sav_004,Reed 4,65,0.00017,runtime,world_decor,"{""80"": 1}"
1,197,198,198,adult_tree,2p,sav_004,Birch 1,68,0.033569,runtime,world_decor,"{""16"": 198}"
0,187,187,187,adult_tree,2p,sav_004,Birch 2,69,0.031704,runtime,world_decor,"{""16"": 187}"
4,200,204,204,adult_tree,2p,sav_004,Elm 1,70,0.034587,runtime,world_decor,"{""16"": 204}"
3,208,211,211,adult_tree,2p,sav_004,Elm 2,71,0.035773,runtime,world_decor,"{""16"": 211}"
1,205,206,206,adult_tree,2p,sav_004,Oak,72,0.034926,runtime,world_decor,"{""16"": 206}"
0,231,231,231,adult_tree,2p,sav_004,Adult Tree 6,73,0.039164,runtime,world_decor,"{""16"": 231}"
0,201,201,201,adult_tree,2p,sav_004,Adult Tree 7,74,0.034078,runtime,world_decor,"{""16"": 201}"
2,211,213,213,adult_tree,2p,sav_004,Adult Tree 8,75,0.036112,runtime,world_decor,"{""16"": 213}"
3,183,186,186,adult_tree,2p,sav_004,Adult Tree 9,76,0.031535,runtime,world_decor,"{""16"": 186}"
4,204,208,208,adult_tree,2p,sav_004,Adult Tree 10,77,0.035265,runtime,world_decor,"{""16"": 208}"
0,8,8,8,palm,2p,sav_004,Palm 1,78,0.001356,runtime,world_decor,"{""64"": 8}"
0,4,4,4,palm,2p,sav_004,Palm 2,79,0.000678,runtime,world_decor,"{""64"": 4}"
2,330,332,332,adult_tree,2p,sav_004,Adult Tree 13,80,0.056288,runtime,world_decor,"{""16"": 332}"
5,345,350,350,adult_tree,2p,sav_004,Adult Tree 14,81,0.05934,runtime,world_decor,"{""16"": 350}"
0,3,3,3,reef,2p,sav_004,Reef 2,112,0.000509,runtime,world_decor,"{""16"": 3}"
0,18,18,18,reef,2p,sav_004,Reef 3,113,0.003052,runtime,world_decor,"{""16"": 18}"
4,106,110,110,building_stone,2p,sav_004,Building Stone 1,115,0.01865,runtime,world_decor,"{""16"": 110}"
2,119,121,121,building_stone,2p,sav_004,Building Stone 2,116,0.020515,runtime,world_decor,"{""16"": 121}"
4,109,113,113,building_stone,2p,sav_004,Building Stone 3,117,0.019158,runtime,world_decor,"{""16"": 113}"
2,132,134,134,building_stone,2p,sav_004,Building Stone 4,118,0.022719,runtime,world_decor,"{""16"": 134}"
3,103,106,106,building_stone,2p,sav_004,Building Stone 5,119,0.017971,runtime,world_decor,"{""16"": 106}"
2,121,123,123,building_stone,2p,sav_004,Building Stone 6,120,0.020854,runtime,world_decor,"{""16"": 123}"
1,135,136,136,building_stone,2p,sav_004,Building Stone 7,121,0.023058,runtime,world_decor,"{""16"": 136}"
3,127,130,130,building_stone,2p,sav_004,Building Stone 8,122,0.02204,runtime,world_decor,"{""16"": 130}"
2,128,130,130,building_stone,2p,sav_004,Building Stone 9,123,0.02204,runtime,world_decor,"{""16"": 130}"
2,136,138,138,building_stone,2p,sav_004,Building Stone 10,124,0.023397,runtime,world_decor,"{""16"": 138}"
2,141,143,143,building_stone,2p,sav_004,Building Stone 11,125,0.024245,runtime,world_decor,"{""16"": 143}"
3,112,115,115,building_stone,2p,sav_004,Building Stone 12,126,0.019497,runtime,world_decor,"{""16"": 115}"
0,16,16,16,building_stone,2p,sav_004,Building Stone 13,127,0.002713,runtime,world_decor,"{""16"": 16}"
2,0,2,2,territory_marker,2p,sav_004,Red flag,255,0.000339,runtime,runtime_overlay,"{""28"": 2}"
0,33,33,33,big_stone,2p,sav_005,Big Stone 1,1,0.005595,static,world_decor,"{""16"": 33}"
2,32,34,34,big_stone,2p,sav_005,Big Stone 2,2,0.005764,static,world_decor,"{""16"": 34}"
1,23,24,24,big_stone,2p,sav_005,Big Stone 3,3,0.004069,static,world_decor,"{""16"": 24}"
0,36,36,36,big_stone,2p,sav_005,Big Stone 4,4,0.006104,static,world_decor,"{""16"": 36}"
0,30,30,30,big_stone,2p,sav_005,Big Stone 5,5,0.005086,static,world_decor,"{""16"": 30}"
0,43,43,43,big_stone,2p,sav_005,Big Stone 6,6,0.00729,static,world_decor,"{""16"": 43}"
0,32,32,32,big_stone,2p,sav_005,Big Stone 7,7,0.005425,static,world_decor,"{""16"": 32}"
1,22,23,23,big_stone,2p,sav_005,Big Stone 8,8,0.003899,static,world_decor,"{""16"": 23}"
0,37,37,37,decorative_stone,2p,sav_005,Decorative Stone 1,9,0.006273,static,world_decor,"{""16"": 37}"
0,30,30,30,decorative_stone,2p,sav_005,Decorative Stone 2,10,0.005086,static,world_decor,"{""16"": 30}"
0,35,35,35,decorative_stone,2p,sav_005,Decorative Stone 3,11,0.005934,static,world_decor,"{""16"": 35}"
1,28,29,29,decorative_stone,2p,sav_005,Decorative Stone 4,12,0.004917,static,world_decor,"{""16"": 29}"
1,43,44,44,border_stone,2p,sav_005,Border Stone 1,13,0.00746,static,world_decor,"{""16"": 44}"
0,30,30,30,border_stone,2p,sav_005,Border Stone 2,14,0.005086,static,world_decor,"{""16"": 30}"
1,25,26,26,border_stone,2p,sav_005,Border Stone 3,15,0.004408,static,world_decor,"{""16"": 26}"
0,34,34,34,border_stone,2p,sav_005,Border Stone 4,16,0.005764,static,world_decor,"{""16"": 34}"
0,33,33,33,border_stone,2p,sav_005,Border Stone 5,17,0.005595,static,world_decor,"{""16"": 33}"
0,30,30,30,border_stone,2p,sav_005,Border Stone 6,18,0.005086,static,world_decor,"{""16"": 30}"
0,30,30,30,border_stone,2p,sav_005,Border Stone 7,19,0.005086,static,world_decor,"{""16"": 30}"
1,28,29,29,border_stone,2p,sav_005,Border Stone 8,20,0.004917,static,world_decor,"{""16"": 29}"
0,26,26,26,small_stone,2p,sav_005,Small Stone 1,21,0.004408,static,world_decor,"{""16"": 26}"
0,26,26,26,small_stone,2p,sav_005,Small Stone 2,22,0.004408,static,world_decor,"{""16"": 26}"
0,32,32,32,small_stone,2p,sav_005,Small Stone 3,23,0.005425,static,world_decor,"{""16"": 32}"
0,29,29,29,small_stone,2p,sav_005,Small Stone 4,24,0.004917,static,world_decor,"{""16"": 29}"
0,30,30,30,small_stone,2p,sav_005,Small Stone 5,25,0.005086,static,world_decor,"{""16"": 30}"
0,29,29,29,small_stone,2p,sav_005,Small Stone 6,26,0.004917,static,world_decor,"{""16"": 29}"
0,26,26,26,small_stone,2p,sav_005,Small Stone 7,27,0.004408,static,world_decor,"{""16"": 26}"
1,30,31,31,small_stone,2p,sav_005,Small Stone 8,28,0.005256,static,world_decor,"{""16"": 31}"
0,1,1,1,wreck,2p,sav_005,Wreck 1,29,0.00017,static,world_decor,"{""48"": 1}"
0,2,2,2,wreck,2p,sav_005,Wreck 3,31,0.000339,static,world_decor,"{""48"": 2}"
1,4,5,5,wreck,2p,sav_005,Wreck 4,32,0.000848,static,world_decor,"{""48"": 5}"
0,1,1,1,wreck,2p,sav_005,Wreck 5,33,0.00017,static,world_decor,"{""48"": 1}"
0,30,30,30,grave,2p,sav_005,Grave,34,0.005086,static,world_decor,"{""16"": 30}"
1,20,21,21,small_plant,2p,sav_005,Small Plant 1,35,0.00356,static,world_decor,"{""16"": 21}"
0,34,34,34,small_plant,2p,sav_005,Small Plant 2,36,0.005764,static,world_decor,"{""16"": 34}"
0,26,26,26,small_plant,2p,sav_005,Small Plant 3,37,0.004408,static,world_decor,"{""16"": 26}"
0,32,32,32,toadstool,2p,sav_005,Toadstool 1,38,0.005425,static,world_decor,"{""16"": 32}"
2,30,32,32,toadstool,2p,sav_005,Toadstool 2,39,0.005425,static,world_decor,"{""16"": 32}"
0,25,25,25,toadstool,2p,sav_005,Toadstool 3,40,0.004239,static,world_decor,"{""16"": 25}"
1,31,32,32,stump,2p,sav_005,Tree Stump 1,41,0.005425,static,world_decor,"{""16"": 32}"
0,35,35,35,stump,2p,sav_005,Tree Stump 2,42,0.005934,static,world_decor,"{""16"": 35}"
0,1,1,1,dead_tree,2p,sav_005,Dead Tree 1,43,0.00017,static,world_decor,"{""64"": 1}"
0,1,1,1,dead_tree,2p,sav_005,Dead Tree 2,44,0.00017,static,world_decor,"{""64"": 1}"
0,6,6,6,cactus,2p,sav_005,Cactus 1,45,0.001017,static,world_decor,"{""64"": 6}"
0,6,6,6,cactus,2p,sav_005,Cactus 2,46,0.001017,static,world_decor,"{""64"": 6}"
0,9,9,9,cactus,2p,sav_005,Cactus 3,47,0.001526,static,world_decor,"{""64"": 9}"
0,14,14,14,cactus,2p,sav_005,Cactus 4,48,0.002374,static,world_decor,"{""64"": 14}"
0,4,4,4,skeleton,2p,sav_005,Skeleton,49,0.000678,static,world_decor,"{""64"": 4}"
0,30,30,30,small_flower,2p,sav_005,Small Flower 1,50,0.005086,static,world_decor,"{""16"": 30}"
0,31,31,31,small_flower,2p,sav_005,Small Flower 2,51,0.005256,static,world_decor,"{""16"": 31}"
1,24,25,25,small_flower,2p,sav_005,Small Flower 3,52,0.004239,static,world_decor,"{""16"": 25}"
0,26,26,26,small_bush,2p,sav_005,Small Bush 1,53,0.004408,static,world_decor,"{""16"": 26}"
0,32,32,32,small_bush,2p,sav_005,Small Bush 2,54,0.005425,static,world_decor,"{""16"": 32}"
0,30,30,30,small_bush,2p,sav_005,Small Bush 3,55,0.005086,static,world_decor,"{""16"": 30}"
1,19,20,20,small_bush,2p,sav_005,Small Bush 4,56,0.003391,static,world_decor,"{""16"": 20}"
1,26,27,27,bush,2p,sav_005,Bush 1,57,0.004578,static,world_decor,"{""16"": 27}"
1,26,27,27,bush,2p,sav_005,Bush 2,58,0.004578,static,world_decor,"{""16"": 27}"
0,26,26,26,bush,2p,sav_005,Bush 3,59,0.004408,static,world_decor,"{""16"": 26}"
1,31,32,32,bush,2p,sav_005,Bush 4,60,0.005425,static,world_decor,"{""16"": 32}"
2,26,28,28,bush,2p,sav_005,Bush 5,61,0.004747,static,world_decor,"{""16"": 28}"
0,1,1,1,reed,2p,sav_005,Reed 1,62,0.00017,static,world_decor,"{""80"": 1}"
4,181,185,185,adult_tree,2p,sav_005,Birch 1,68,0.031365,static,world_decor,"{""16"": 185}"
3,205,208,208,adult_tree,2p,sav_005,Birch 2,69,0.035265,static,world_decor,"{""16"": 208}"
1,196,197,197,adult_tree,2p,sav_005,Elm 1,70,0.0334,static,world_decor,"{""16"": 197}"
3,173,176,176,adult_tree,2p,sav_005,Elm 2,71,0.029839,static,world_decor,"{""16"": 176}"
2,191,193,193,adult_tree,2p,sav_005,Oak,72,0.032722,static,world_decor,"{""16"": 193}"
0,205,205,205,adult_tree,2p,sav_005,Adult Tree 6,73,0.034756,static,world_decor,"{""16"": 205}"
6,217,223,223,adult_tree,2p,sav_005,Adult Tree 7,74,0.037808,static,world_decor,"{""16"": 223}"
6,210,216,216,adult_tree,2p,sav_005,Adult Tree 8,75,0.036621,static,world_decor,"{""16"": 216}"
0,193,193,193,adult_tree,2p,sav_005,Adult Tree 9,76,0.032722,static,world_decor,"{""16"": 193}"
0,166,166,166,adult_tree,2p,sav_005,Adult Tree 10,77,0.028144,static,world_decor,"{""16"": 166}"
0,12,12,12,palm,2p,sav_005,Palm 1,78,0.002035,static,world_decor,"{""64"": 12}"
0,15,15,15,palm,2p,sav_005,Palm 2,79,0.002543,static,world_decor,"{""64"": 15}"
3,355,358,358,adult_tree,2p,sav_005,Adult Tree 13,80,0.060696,static,world_decor,"{""16"": 358}"
4,382,386,386,adult_tree,2p,sav_005,Adult Tree 14,81,0.065443,static,world_decor,"{""16"": 386}"
3,138,141,141,building_stone,2p,sav_005,Building Stone 1,115,0.023905,static,world_decor,"{""16"": 141}"
0,129,129,129,building_stone,2p,sav_005,Building Stone 2,116,0.021871,static,world_decor,"{""16"": 129}"
4,104,108,108,building_stone,2p,sav_005,Building Stone 3,117,0.018311,static,world_decor,"{""16"": 108}"
1,100,101,101,building_stone,2p,sav_005,Building Stone 4,118,0.017124,static,world_decor,"{""16"": 101}"
0,117,117,117,building_stone,2p,sav_005,Building Stone 5,119,0.019836,static,world_decor,"{""16"": 117}"
1,104,105,105,building_stone,2p,sav_005,Building Stone 6,120,0.017802,static,world_decor,"{""16"": 105}"
0,134,134,134,building_stone,2p,sav_005,Building Stone 7,121,0.022719,static,world_decor,"{""16"": 134}"
1,102,103,103,building_stone,2p,sav_005,Building Stone 8,122,0.017463,static,world_decor,"{""16"": 103}"
2,124,126,126,building_stone,2p,sav_005,Building Stone 9,123,0.021362,static,world_decor,"{""16"": 126}"
3,116,119,119,building_stone,2p,sav_005,Building Stone 10,124,0.020176,static,world_decor,"{""16"": 119}"
1,121,122,122,building_stone,2p,sav_005,Building Stone 11,125,0.020684,static,world_decor,"{""16"": 122}"
2,132,134,134,building_stone,2p,sav_005,Building Stone 12,126,0.022719,static,world_decor,"{""16"": 134}"
0,18,18,18,building_stone,2p,sav_005,Building Stone 13,127,0.003052,static,world_decor,"{""16"": 18}"
0,33,33,33,big_stone,2p,sav_005,Big Stone 1,1,0.005595,runtime,world_decor,"{""16"": 33}"
2,32,34,34,big_stone,2p,sav_005,Big Stone 2,2,0.005764,runtime,world_decor,"{""16"": 34}"
1,23,24,24,big_stone,2p,sav_005,Big Stone 3,3,0.004069,runtime,world_decor,"{""16"": 24}"
0,36,36,36,big_stone,2p,sav_005,Big Stone 4,4,0.006104,runtime,world_decor,"{""16"": 36}"
0,30,30,30,big_stone,2p,sav_005,Big Stone 5,5,0.005086,runtime,world_decor,"{""16"": 30}"
0,43,43,43,big_stone,2p,sav_005,Big Stone 6,6,0.00729,runtime,world_decor,"{""16"": 43}"
0,32,32,32,big_stone,2p,sav_005,Big Stone 7,7,0.005425,runtime,world_decor,"{""16"": 32}"
1,22,23,23,big_stone,2p,sav_005,Big Stone 8,8,0.003899,runtime,world_decor,"{""16"": 23}"
0,37,37,37,decorative_stone,2p,sav_005,Decorative Stone 1,9,0.006273,runtime,world_decor,"{""16"": 37}"
0,30,30,30,decorative_stone,2p,sav_005,Decorative Stone 2,10,0.005086,runtime,world_decor,"{""16"": 30}"
0,35,35,35,decorative_stone,2p,sav_005,Decorative Stone 3,11,0.005934,runtime,world_decor,"{""16"": 35}"
1,28,29,29,decorative_stone,2p,sav_005,Decorative Stone 4,12,0.004917,runtime,world_decor,"{""16"": 29}"
1,43,44,44,border_stone,2p,sav_005,Border Stone 1,13,0.00746,runtime,world_decor,"{""16"": 44}"
0,30,30,30,border_stone,2p,sav_005,Border Stone 2,14,0.005086,runtime,world_decor,"{""16"": 30}"
1,25,26,26,border_stone,2p,sav_005,Border Stone 3,15,0.004408,runtime,world_decor,"{""16"": 26}"
0,34,34,34,border_stone,2p,sav_005,Border Stone 4,16,0.005764,runtime,world_decor,"{""16"": 34}"
0,33,33,33,border_stone,2p,sav_005,Border Stone 5,17,0.005595,runtime,world_decor,"{""16"": 33}"
0,30,30,30,border_stone,2p,sav_005,Border Stone 6,18,0.005086,runtime,world_decor,"{""16"": 30}"
0,30,30,30,border_stone,2p,sav_005,Border Stone 7,19,0.005086,runtime,world_decor,"{""16"": 30}"
1,28,29,29,border_stone,2p,sav_005,Border Stone 8,20,0.004917,runtime,world_decor,"{""16"": 29}"
0,26,26,26,small_stone,2p,sav_005,Small Stone 1,21,0.004408,runtime,world_decor,"{""16"": 26}"
0,26,26,26,small_stone,2p,sav_005,Small Stone 2,22,0.004408,runtime,world_decor,"{""16"": 26}"
0,32,32,32,small_stone,2p,sav_005,Small Stone 3,23,0.005425,runtime,world_decor,"{""16"": 32}"
0,29,29,29,small_stone,2p,sav_005,Small Stone 4,24,0.004917,runtime,world_decor,"{""16"": 29}"
0,30,30,30,small_stone,2p,sav_005,Small Stone 5,25,0.005086,runtime,world_decor,"{""16"": 30}"
0,29,29,29,small_stone,2p,sav_005,Small Stone 6,26,0.004917,runtime,world_decor,"{""16"": 29}"
0,26,26,26,small_stone,2p,sav_005,Small Stone 7,27,0.004408,runtime,world_decor,"{""16"": 26}"
1,30,31,31,small_stone,2p,sav_005,Small Stone 8,28,0.005256,runtime,world_decor,"{""16"": 31}"
0,1,1,1,wreck,2p,sav_005,Wreck 1,29,0.00017,runtime,world_decor,"{""48"": 1}"
0,2,2,2,wreck,2p,sav_005,Wreck 3,31,0.000339,runtime,world_decor,"{""48"": 2}"
1,4,5,5,wreck,2p,sav_005,Wreck 4,32,0.000848,runtime,world_decor,"{""48"": 5}"
0,1,1,1,wreck,2p,sav_005,Wreck 5,33,0.00017,runtime,world_decor,"{""48"": 1}"
0,30,30,30,grave,2p,sav_005,Grave,34,0.005086,runtime,world_decor,"{""16"": 30}"
1,20,21,21,small_plant,2p,sav_005,Small Plant 1,35,0.00356,runtime,world_decor,"{""16"": 21}"
0,34,34,34,small_plant,2p,sav_005,Small Plant 2,36,0.005764,runtime,world_decor,"{""16"": 34}"
0,26,26,26,small_plant,2p,sav_005,Small Plant 3,37,0.004408,runtime,world_decor,"{""16"": 26}"
0,32,32,32,toadstool,2p,sav_005,Toadstool 1,38,0.005425,runtime,world_decor,"{""16"": 32}"
2,30,32,32,toadstool,2p,sav_005,Toadstool 2,39,0.005425,runtime,world_decor,"{""16"": 32}"
0,25,25,25,toadstool,2p,sav_005,Toadstool 3,40,0.004239,runtime,world_decor,"{""16"": 25}"
1,31,32,32,stump,2p,sav_005,Tree Stump 1,41,0.005425,runtime,world_decor,"{""16"": 32}"
0,35,35,35,stump,2p,sav_005,Tree Stump 2,42,0.005934,runtime,world_decor,"{""16"": 35}"
0,1,1,1,dead_tree,2p,sav_005,Dead Tree 1,43,0.00017,runtime,world_decor,"{""64"": 1}"
0,1,1,1,dead_tree,2p,sav_005,Dead Tree 2,44,0.00017,runtime,world_decor,"{""64"": 1}"
0,6,6,6,cactus,2p,sav_005,Cactus 1,45,0.001017,runtime,world_decor,"{""64"": 6}"
0,6,6,6,cactus,2p,sav_005,Cactus 2,46,0.001017,runtime,world_decor,"{""64"": 6}"
0,9,9,9,cactus,2p,sav_005,Cactus 3,47,0.001526,runtime,world_decor,"{""64"": 9}"
0,14,14,14,cactus,2p,sav_005,Cactus 4,48,0.002374,runtime,world_decor,"{""64"": 14}"
0,4,4,4,skeleton,2p,sav_005,Skeleton,49,0.000678,runtime,world_decor,"{""64"": 4}"
0,30,30,30,small_flower,2p,sav_005,Small Flower 1,50,0.005086,runtime,world_decor,"{""16"": 30}"
0,31,31,31,small_flower,2p,sav_005,Small Flower 2,51,0.005256,runtime,world_decor,"{""16"": 31}"
1,24,25,25,small_flower,2p,sav_005,Small Flower 3,52,0.004239,runtime,world_decor,"{""16"": 25}"
0,26,26,26,small_bush,2p,sav_005,Small Bush 1,53,0.004408,runtime,world_decor,"{""16"": 26}"
0,32,32,32,small_bush,2p,sav_005,Small Bush 2,54,0.005425,runtime,world_decor,"{""16"": 32}"
0,30,30,30,small_bush,2p,sav_005,Small Bush 3,55,0.005086,runtime,world_decor,"{""16"": 30}"
1,19,20,20,small_bush,2p,sav_005,Small Bush 4,56,0.003391,runtime,world_decor,"{""16"": 20}"
1,26,27,27,bush,2p,sav_005,Bush 1,57,0.004578,runtime,world_decor,"{""16"": 27}"
1,26,27,27,bush,2p,sav_005,Bush 2,58,0.004578,runtime,world_decor,"{""16"": 27}"
0,26,26,26,bush,2p,sav_005,Bush 3,59,0.004408,runtime,world_decor,"{""16"": 26}"
1,31,32,32,bush,2p,sav_005,Bush 4,60,0.005425,runtime,world_decor,"{""16"": 32}"
2,26,28,28,bush,2p,sav_005,Bush 5,61,0.004747,runtime,world_decor,"{""16"": 28}"
0,1,1,1,reed,2p,sav_005,Reed 1,62,0.00017,runtime,world_decor,"{""80"": 1}"
4,181,185,185,adult_tree,2p,sav_005,Birch 1,68,0.031365,runtime,world_decor,"{""16"": 185}"
3,205,208,208,adult_tree,2p,sav_005,Birch 2,69,0.035265,runtime,world_decor,"{""16"": 208}"
1,196,197,197,adult_tree,2p,sav_005,Elm 1,70,0.0334,runtime,world_decor,"{""16"": 197}"
3,173,176,176,adult_tree,2p,sav_005,Elm 2,71,0.029839,runtime,world_decor,"{""16"": 176}"
2,191,193,193,adult_tree,2p,sav_005,Oak,72,0.032722,runtime,world_decor,"{""16"": 193}"
0,205,205,205,adult_tree,2p,sav_005,Adult Tree 6,73,0.034756,runtime,world_decor,"{""16"": 205}"
6,217,223,223,adult_tree,2p,sav_005,Adult Tree 7,74,0.037808,runtime,world_decor,"{""16"": 223}"
6,210,216,216,adult_tree,2p,sav_005,Adult Tree 8,75,0.036621,runtime,world_decor,"{""16"": 216}"
0,193,193,193,adult_tree,2p,sav_005,Adult Tree 9,76,0.032722,runtime,world_decor,"{""16"": 193}"
0,166,166,166,adult_tree,2p,sav_005,Adult Tree 10,77,0.028144,runtime,world_decor,"{""16"": 166}"
0,12,12,12,palm,2p,sav_005,Palm 1,78,0.002035,runtime,world_decor,"{""64"": 12}"
0,15,15,15,palm,2p,sav_005,Palm 2,79,0.002543,runtime,world_decor,"{""64"": 15}"
3,355,358,358,adult_tree,2p,sav_005,Adult Tree 13,80,0.060696,runtime,world_decor,"{""16"": 358}"
4,382,386,386,adult_tree,2p,sav_005,Adult Tree 14,81,0.065443,runtime,world_decor,"{""16"": 386}"
0,1,1,1,reef,2p,sav_005,Reef 2,112,0.00017,runtime,world_decor,"{""16"": 1}"
0,6,6,6,reef,2p,sav_005,Reef 3,113,0.001017,runtime,world_decor,"{""16"": 6}"
3,138,141,141,building_stone,2p,sav_005,Building Stone 1,115,0.023905,runtime,world_decor,"{""16"": 141}"
0,129,129,129,building_stone,2p,sav_005,Building Stone 2,116,0.021871,runtime,world_decor,"{""16"": 129}"
4,104,108,108,building_stone,2p,sav_005,Building Stone 3,117,0.018311,runtime,world_decor,"{""16"": 108}"
1,100,101,101,building_stone,2p,sav_005,Building Stone 4,118,0.017124,runtime,world_decor,"{""16"": 101}"
0,117,117,117,building_stone,2p,sav_005,Building Stone 5,119,0.019836,runtime,world_decor,"{""16"": 117}"
1,104,105,105,building_stone,2p,sav_005,Building Stone 6,120,0.017802,runtime,world_decor,"{""16"": 105}"
0,134,134,134,building_stone,2p,sav_005,Building Stone 7,121,0.022719,runtime,world_decor,"{""16"": 134}"
1,102,103,103,building_stone,2p,sav_005,Building Stone 8,122,0.017463,runtime,world_decor,"{""16"": 103}"
2,124,126,126,building_stone,2p,sav_005,Building Stone 9,123,0.021362,runtime,world_decor,"{""16"": 126}"
3,116,119,119,building_stone,2p,sav_005,Building Stone 10,124,0.020176,runtime,world_decor,"{""16"": 119}"
1,121,122,122,building_stone,2p,sav_005,Building Stone 11,125,0.020684,runtime,world_decor,"{""16"": 122}"
2,132,134,134,building_stone,2p,sav_005,Building Stone 12,126,0.022719,runtime,world_decor,"{""16"": 134}"
0,18,18,18,building_stone,2p,sav_005,Building Stone 13,127,0.003052,runtime,world_decor,"{""16"": 18}"
2,0,2,2,territory_marker,2p,sav_005,Red flag,255,0.000339,runtime,runtime_overlay,"{""28"": 2}"
1,33,34,34,big_stone,2p,sav_006,Big Stone 1,1,0.005764,static,world_decor,"{""16"": 34}"
1,32,33,33,big_stone,2p,sav_006,Big Stone 2,2,0.005595,static,world_decor,"{""16"": 33}"
0,28,28,28,big_stone,2p,sav_006,Big Stone 3,3,0.004747,static,world_decor,"{""16"": 28}"
0,30,30,30,big_stone,2p,sav_006,Big Stone 4,4,0.005086,static,world_decor,"{""16"": 30}"
1,29,30,30,big_stone,2p,sav_006,Big Stone 5,5,0.005086,static,world_decor,"{""16"": 30}"
0,27,27,27,big_stone,2p,sav_006,Big Stone 6,6,0.004578,static,world_decor,"{""16"": 27}"
1,28,29,29,big_stone,2p,sav_006,Big Stone 7,7,0.004917,static,world_decor,"{""16"": 29}"
0,35,35,35,big_stone,2p,sav_006,Big Stone 8,8,0.005934,static,world_decor,"{""16"": 35}"
1,28,29,29,decorative_stone,2p,sav_006,Decorative Stone 1,9,0.004917,static,world_decor,"{""16"": 29}"
2,38,40,40,decorative_stone,2p,sav_006,Decorative Stone 2,10,0.006782,static,world_decor,"{""16"": 40}"
0,31,31,31,decorative_stone,2p,sav_006,Decorative Stone 3,11,0.005256,static,world_decor,"{""16"": 31}"
1,21,22,22,decorative_stone,2p,sav_006,Decorative Stone 4,12,0.00373,static,world_decor,"{""16"": 22}"
0,24,24,24,border_stone,2p,sav_006,Border Stone 1,13,0.004069,static,world_decor,"{""16"": 24}"
0,28,28,28,border_stone,2p,sav_006,Border Stone 2,14,0.004747,static,world_decor,"{""16"": 28}"
3,34,37,37,border_stone,2p,sav_006,Border Stone 3,15,0.006273,static,world_decor,"{""16"": 37}"
1,26,27,27,border_stone,2p,sav_006,Border Stone 4,16,0.004578,static,world_decor,"{""16"": 27}"
0,31,31,31,border_stone,2p,sav_006,Border Stone 5,17,0.005256,static,world_decor,"{""16"": 31}"
0,34,34,34,border_stone,2p,sav_006,Border Stone 6,18,0.005764,static,world_decor,"{""16"": 34}"
1,26,27,27,border_stone,2p,sav_006,Border Stone 7,19,0.004578,static,world_decor,"{""16"": 27}"
0,31,31,31,border_stone,2p,sav_006,Border Stone 8,20,0.005256,static,world_decor,"{""16"": 31}"
0,35,35,35,small_stone,2p,sav_006,Small Stone 1,21,0.005934,static,world_decor,"{""16"": 35}"
0,35,35,35,small_stone,2p,sav_006,Small Stone 2,22,0.005934,static,world_decor,"{""16"": 35}"
0,30,30,30,small_stone,2p,sav_006,Small Stone 3,23,0.005086,static,world_decor,"{""16"": 30}"
0,38,38,38,small_stone,2p,sav_006,Small Stone 4,24,0.006443,static,world_decor,"{""16"": 38}"
0,31,31,31,small_stone,2p,sav_006,Small Stone 5,25,0.005256,static,world_decor,"{""16"": 31}"
1,21,22,22,small_stone,2p,sav_006,Small Stone 6,26,0.00373,static,world_decor,"{""16"": 22}"
0,31,31,31,small_stone,2p,sav_006,Small Stone 7,27,0.005256,static,world_decor,"{""16"": 31}"
1,31,32,32,small_stone,2p,sav_006,Small Stone 8,28,0.005425,static,world_decor,"{""16"": 32}"
0,2,2,2,wreck,2p,sav_006,Wreck 2,30,0.000339,static,world_decor,"{""48"": 2}"
0,1,1,1,wreck,2p,sav_006,Wreck 3,31,0.00017,static,world_decor,"{""48"": 1}"
0,2,2,2,wreck,2p,sav_006,Wreck 4,32,0.000339,static,world_decor,"{""48"": 2}"
0,2,2,2,wreck,2p,sav_006,Wreck 5,33,0.000339,static,world_decor,"{""48"": 2}"
1,24,25,25,grave,2p,sav_006,Grave,34,0.004239,static,world_decor,"{""16"": 25}"
0,20,20,20,small_plant,2p,sav_006,Small Plant 1,35,0.003391,static,world_decor,"{""16"": 20}"
0,27,27,27,small_plant,2p,sav_006,Small Plant 2,36,0.004578,static,world_decor,"{""16"": 27}"
2,30,32,32,small_plant,2p,sav_006,Small Plant 3,37,0.005425,static,world_decor,"{""16"": 31, ""28"": 1}"
1,33,34,34,toadstool,2p,sav_006,Toadstool 1,38,0.005764,static,world_decor,"{""16"": 34}"
1,31,32,32,toadstool,2p,sav_006,Toadstool 2,39,0.005425,static,world_decor,"{""16"": 31, ""28"": 1}"
0,31,31,31,toadstool,2p,sav_006,Toadstool 3,40,0.005256,static,world_decor,"{""16"": 31}"
0,21,21,21,stump,2p,sav_006,Tree Stump 1,41,0.00356,static,world_decor,"{""16"": 21}"
0,27,27,27,stump,2p,sav_006,Tree Stump 2,42,0.004578,static,world_decor,"{""16"": 27}"
0,2,2,2,dead_tree,2p,sav_006,Dead Tree 1,43,0.000339,static,world_decor,"{""64"": 2}"
0,1,1,1,dead_tree,2p,sav_006,Dead Tree 2,44,0.00017,static,world_decor,"{""64"": 1}"
0,5,5,5,cactus,2p,sav_006,Cactus 1,45,0.000848,static,world_decor,"{""64"": 5}"
0,6,6,6,cactus,2p,sav_006,Cactus 2,46,0.001017,static,world_decor,"{""64"": 6}"
0,5,5,5,cactus,2p,sav_006,Cactus 3,47,0.000848,static,world_decor,"{""64"": 5}"
0,12,12,12,cactus,2p,sav_006,Cactus 4,48,0.002035,static,world_decor,"{""64"": 12}"
0,2,2,2,skeleton,2p,sav_006,Skeleton,49,0.000339,static,world_decor,"{""64"": 2}"
4,34,38,38,small_flower,2p,sav_006,Small Flower 1,50,0.006443,static,world_decor,"{""16"": 38}"
1,24,25,25,small_flower,2p,sav_006,Small Flower 2,51,0.004239,static,world_decor,"{""16"": 25}"
0,26,26,26,small_flower,2p,sav_006,Small Flower 3,52,0.004408,static,world_decor,"{""16"": 26}"
0,26,26,26,small_bush,2p,sav_006,Small Bush 1,53,0.004408,static,world_decor,"{""16"": 26}"
0,27,27,27,small_bush,2p,sav_006,Small Bush 2,54,0.004578,static,world_decor,"{""16"": 27}"
2,21,23,23,small_bush,2p,sav_006,Small Bush 3,55,0.003899,static,world_decor,"{""16"": 23}"
0,26,26,26,small_bush,2p,sav_006,Small Bush 4,56,0.004408,static,world_decor,"{""16"": 26}"
0,30,30,30,bush,2p,sav_006,Bush 1,57,0.005086,static,world_decor,"{""16"": 30}"
1,25,26,26,bush,2p,sav_006,Bush 2,58,0.004408,static,world_decor,"{""16"": 26}"
0,32,32,32,bush,2p,sav_006,Bush 3,59,0.005425,static,world_decor,"{""16"": 32}"
0,23,23,23,bush,2p,sav_006,Bush 4,60,0.003899,static,world_decor,"{""16"": 23}"
0,29,29,29,bush,2p,sav_006,Bush 5,61,0.004917,static,world_decor,"{""16"": 29}"
13,147,160,160,adult_tree,2p,sav_006,Birch 1,68,0.027127,static,world_decor,"{""16"": 160}"
12,184,196,196,adult_tree,2p,sav_006,Birch 2,69,0.03323,static,world_decor,"{""16"": 196}"
0,201,201,201,adult_tree,2p,sav_006,Elm 1,70,0.034078,static,world_decor,"{""16"": 201}"
0,207,207,207,adult_tree,2p,sav_006,Elm 2,71,0.035095,static,world_decor,"{""16"": 207}"
12,204,216,216,adult_tree,2p,sav_006,Oak,72,0.036621,static,world_decor,"{""16"": 216}"
8,195,203,203,adult_tree,2p,sav_006,Adult Tree 6,73,0.034417,static,world_decor,"{""16"": 203}"
3,180,183,183,adult_tree,2p,sav_006,Adult Tree 7,74,0.031026,static,world_decor,"{""16"": 183}"
1,182,183,183,adult_tree,2p,sav_006,Adult Tree 8,75,0.031026,static,world_decor,"{""16"": 183}"
0,193,193,193,adult_tree,2p,sav_006,Adult Tree 9,76,0.032722,static,world_decor,"{""16"": 193}"
0,183,183,183,adult_tree,2p,sav_006,Adult Tree 10,77,0.031026,static,world_decor,"{""16"": 183}"
0,9,9,9,palm,2p,sav_006,Palm 1,78,0.001526,static,world_decor,"{""64"": 9}"
0,16,16,16,palm,2p,sav_006,Palm 2,79,0.002713,static,world_decor,"{""64"": 16}"
1,340,341,341,adult_tree,2p,sav_006,Adult Tree 13,80,0.057814,static,world_decor,"{""16"": 341}"
3,337,340,340,adult_tree,2p,sav_006,Adult Tree 14,81,0.057644,static,world_decor,"{""16"": 340}"
0,131,131,131,building_stone,2p,sav_006,Building Stone 1,115,0.02221,static,world_decor,"{""16"": 131}"
1,119,120,120,building_stone,2p,sav_006,Building Stone 2,116,0.020345,static,world_decor,"{""16"": 120}"
5,132,137,137,building_stone,2p,sav_006,Building Stone 3,117,0.023227,static,world_decor,"{""16"": 137}"
3,110,113,113,building_stone,2p,sav_006,Building Stone 4,118,0.019158,static,world_decor,"{""16"": 113}"
1,126,127,127,building_stone,2p,sav_006,Building Stone 5,119,0.021532,static,world_decor,"{""16"": 127}"
1,131,132,132,building_stone,2p,sav_006,Building Stone 6,120,0.02238,static,world_decor,"{""16"": 132}"
3,146,149,149,building_stone,2p,sav_006,Building Stone 7,121,0.025262,static,world_decor,"{""16"": 149}"
4,131,135,135,building_stone,2p,sav_006,Building Stone 8,122,0.022888,static,world_decor,"{""16"": 135}"
3,142,145,145,building_stone,2p,sav_006,Building Stone 9,123,0.024584,static,world_decor,"{""16"": 145}"
0,135,135,135,building_stone,2p,sav_006,Building Stone 10,124,0.022888,static,world_decor,"{""16"": 135}"
4,138,142,142,building_stone,2p,sav_006,Building Stone 11,125,0.024075,static,world_decor,"{""16"": 142}"
2,116,118,118,building_stone,2p,sav_006,Building Stone 12,126,0.020006,static,world_decor,"{""16"": 118}"
0,18,18,18,building_stone,2p,sav_006,Building Stone 13,127,0.003052,static,world_decor,"{""16"": 18}"
1,33,34,34,big_stone,2p,sav_006,Big Stone 1,1,0.005764,runtime,world_decor,"{""16"": 34}"
1,32,33,33,big_stone,2p,sav_006,Big Stone 2,2,0.005595,runtime,world_decor,"{""16"": 33}"
0,28,28,28,big_stone,2p,sav_006,Big Stone 3,3,0.004747,runtime,world_decor,"{""16"": 28}"
0,30,30,30,big_stone,2p,sav_006,Big Stone 4,4,0.005086,runtime,world_decor,"{""16"": 30}"
1,29,30,30,big_stone,2p,sav_006,Big Stone 5,5,0.005086,runtime,world_decor,"{""16"": 30}"
0,27,27,27,big_stone,2p,sav_006,Big Stone 6,6,0.004578,runtime,world_decor,"{""16"": 27}"
1,28,29,29,big_stone,2p,sav_006,Big Stone 7,7,0.004917,runtime,world_decor,"{""16"": 29}"
0,35,35,35,big_stone,2p,sav_006,Big Stone 8,8,0.005934,runtime,world_decor,"{""16"": 35}"
1,28,29,29,decorative_stone,2p,sav_006,Decorative Stone 1,9,0.004917,runtime,world_decor,"{""16"": 29}"
2,38,40,40,decorative_stone,2p,sav_006,Decorative Stone 2,10,0.006782,runtime,world_decor,"{""16"": 40}"
0,31,31,31,decorative_stone,2p,sav_006,Decorative Stone 3,11,0.005256,runtime,world_decor,"{""16"": 31}"
1,21,22,22,decorative_stone,2p,sav_006,Decorative Stone 4,12,0.00373,runtime,world_decor,"{""16"": 22}"
0,24,24,24,border_stone,2p,sav_006,Border Stone 1,13,0.004069,runtime,world_decor,"{""16"": 24}"
0,28,28,28,border_stone,2p,sav_006,Border Stone 2,14,0.004747,runtime,world_decor,"{""16"": 28}"
3,34,37,37,border_stone,2p,sav_006,Border Stone 3,15,0.006273,runtime,world_decor,"{""16"": 37}"
1,26,27,27,border_stone,2p,sav_006,Border Stone 4,16,0.004578,runtime,world_decor,"{""16"": 27}"
0,31,31,31,border_stone,2p,sav_006,Border Stone 5,17,0.005256,runtime,world_decor,"{""16"": 31}"
0,34,34,34,border_stone,2p,sav_006,Border Stone 6,18,0.005764,runtime,world_decor,"{""16"": 34}"
1,26,27,27,border_stone,2p,sav_006,Border Stone 7,19,0.004578,runtime,world_decor,"{""16"": 27}"
0,31,31,31,border_stone,2p,sav_006,Border Stone 8,20,0.005256,runtime,world_decor,"{""16"": 31}"
0,35,35,35,small_stone,2p,sav_006,Small Stone 1,21,0.005934,runtime,world_decor,"{""16"": 35}"
0,35,35,35,small_stone,2p,sav_006,Small Stone 2,22,0.005934,runtime,world_decor,"{""16"": 35}"
0,30,30,30,small_stone,2p,sav_006,Small Stone 3,23,0.005086,runtime,world_decor,"{""16"": 30}"
0,38,38,38,small_stone,2p,sav_006,Small Stone 4,24,0.006443,runtime,world_decor,"{""16"": 38}"
0,31,31,31,small_stone,2p,sav_006,Small Stone 5,25,0.005256,runtime,world_decor,"{""16"": 31}"
1,21,22,22,small_stone,2p,sav_006,Small Stone 6,26,0.00373,runtime,world_decor,"{""16"": 22}"
0,31,31,31,small_stone,2p,sav_006,Small Stone 7,27,0.005256,runtime,world_decor,"{""16"": 31}"
1,31,32,32,small_stone,2p,sav_006,Small Stone 8,28,0.005425,runtime,world_decor,"{""16"": 32}"
0,2,2,2,wreck,2p,sav_006,Wreck 2,30,0.000339,runtime,world_decor,"{""48"": 2}"
0,1,1,1,wreck,2p,sav_006,Wreck 3,31,0.00017,runtime,world_decor,"{""48"": 1}"
0,2,2,2,wreck,2p,sav_006,Wreck 4,32,0.000339,runtime,world_decor,"{""48"": 2}"
0,2,2,2,wreck,2p,sav_006,Wreck 5,33,0.000339,runtime,world_decor,"{""48"": 2}"
1,24,25,25,grave,2p,sav_006,Grave,34,0.004239,runtime,world_decor,"{""16"": 25}"
0,20,20,20,small_plant,2p,sav_006,Small Plant 1,35,0.003391,runtime,world_decor,"{""16"": 20}"
0,27,27,27,small_plant,2p,sav_006,Small Plant 2,36,0.004578,runtime,world_decor,"{""16"": 27}"
2,30,32,32,small_plant,2p,sav_006,Small Plant 3,37,0.005425,runtime,world_decor,"{""16"": 31, ""28"": 1}"
1,33,34,34,toadstool,2p,sav_006,Toadstool 1,38,0.005764,runtime,world_decor,"{""16"": 34}"
1,31,32,32,toadstool,2p,sav_006,Toadstool 2,39,0.005425,runtime,world_decor,"{""16"": 31, ""28"": 1}"
0,31,31,31,toadstool,2p,sav_006,Toadstool 3,40,0.005256,runtime,world_decor,"{""16"": 31}"
0,21,21,21,stump,2p,sav_006,Tree Stump 1,41,0.00356,runtime,world_decor,"{""16"": 21}"
0,27,27,27,stump,2p,sav_006,Tree Stump 2,42,0.004578,runtime,world_decor,"{""16"": 27}"
0,2,2,2,dead_tree,2p,sav_006,Dead Tree 1,43,0.000339,runtime,world_decor,"{""64"": 2}"
0,1,1,1,dead_tree,2p,sav_006,Dead Tree 2,44,0.00017,runtime,world_decor,"{""64"": 1}"
0,5,5,5,cactus,2p,sav_006,Cactus 1,45,0.000848,runtime,world_decor,"{""64"": 5}"
0,6,6,6,cactus,2p,sav_006,Cactus 2,46,0.001017,runtime,world_decor,"{""64"": 6}"
0,5,5,5,cactus,2p,sav_006,Cactus 3,47,0.000848,runtime,world_decor,"{""64"": 5}"
0,12,12,12,cactus,2p,sav_006,Cactus 4,48,0.002035,runtime,world_decor,"{""64"": 12}"
0,2,2,2,skeleton,2p,sav_006,Skeleton,49,0.000339,runtime,world_decor,"{""64"": 2}"
4,34,38,38,small_flower,2p,sav_006,Small Flower 1,50,0.006443,runtime,world_decor,"{""16"": 38}"
1,24,25,25,small_flower,2p,sav_006,Small Flower 2,51,0.004239,runtime,world_decor,"{""16"": 25}"
0,26,26,26,small_flower,2p,sav_006,Small Flower 3,52,0.004408,runtime,world_decor,"{""16"": 26}"
0,26,26,26,small_bush,2p,sav_006,Small Bush 1,53,0.004408,runtime,world_decor,"{""16"": 26}"
0,27,27,27,small_bush,2p,sav_006,Small Bush 2,54,0.004578,runtime,world_decor,"{""16"": 27}"
2,21,23,23,small_bush,2p,sav_006,Small Bush 3,55,0.003899,runtime,world_decor,"{""16"": 23}"
0,26,26,26,small_bush,2p,sav_006,Small Bush 4,56,0.004408,runtime,world_decor,"{""16"": 26}"
0,30,30,30,bush,2p,sav_006,Bush 1,57,0.005086,runtime,world_decor,"{""16"": 30}"
1,25,26,26,bush,2p,sav_006,Bush 2,58,0.004408,runtime,world_decor,"{""16"": 26}"
0,32,32,32,bush,2p,sav_006,Bush 3,59,0.005425,runtime,world_decor,"{""16"": 32}"
0,23,23,23,bush,2p,sav_006,Bush 4,60,0.003899,runtime,world_decor,"{""16"": 23}"
0,29,29,29,bush,2p,sav_006,Bush 5,61,0.004917,runtime,world_decor,"{""16"": 29}"
13,147,160,160,adult_tree,2p,sav_006,Birch 1,68,0.027127,runtime,world_decor,"{""16"": 160}"
12,184,196,196,adult_tree,2p,sav_006,Birch 2,69,0.03323,runtime,world_decor,"{""16"": 196}"
0,201,201,201,adult_tree,2p,sav_006,Elm 1,70,0.034078,runtime,world_decor,"{""16"": 201}"
0,207,207,207,adult_tree,2p,sav_006,Elm 2,71,0.035095,runtime,world_decor,"{""16"": 207}"
12,204,216,216,adult_tree,2p,sav_006,Oak,72,0.036621,runtime,world_decor,"{""16"": 216}"
8,195,203,203,adult_tree,2p,sav_006,Adult Tree 6,73,0.034417,runtime,world_decor,"{""16"": 203}"
3,180,183,183,adult_tree,2p,sav_006,Adult Tree 7,74,0.031026,runtime,world_decor,"{""16"": 183}"
1,182,183,183,adult_tree,2p,sav_006,Adult Tree 8,75,0.031026,runtime,world_decor,"{""16"": 183}"
0,193,193,193,adult_tree,2p,sav_006,Adult Tree 9,76,0.032722,runtime,world_decor,"{""16"": 193}"
0,183,183,183,adult_tree,2p,sav_006,Adult Tree 10,77,0.031026,runtime,world_decor,"{""16"": 183}"
0,9,9,9,palm,2p,sav_006,Palm 1,78,0.001526,runtime,world_decor,"{""64"": 9}"
0,16,16,16,palm,2p,sav_006,Palm 2,79,0.002713,runtime,world_decor,"{""64"": 16}"
1,340,341,341,adult_tree,2p,sav_006,Adult Tree 13,80,0.057814,runtime,world_decor,"{""16"": 341}"
3,337,340,340,adult_tree,2p,sav_006,Adult Tree 14,81,0.057644,runtime,world_decor,"{""16"": 340}"
0,2,2,2,reef,2p,sav_006,Reef 2,112,0.000339,runtime,world_decor,"{""16"": 2}"
0,12,12,12,reef,2p,sav_006,Reef 3,113,0.002035,runtime,world_decor,"{""16"": 12}"
0,131,131,131,building_stone,2p,sav_006,Building Stone 1,115,0.02221,runtime,world_decor,"{""16"": 131}"
1,119,120,120,building_stone,2p,sav_006,Building Stone 2,116,0.020345,runtime,world_decor,"{""16"": 120}"
5,132,137,137,building_stone,2p,sav_006,Building Stone 3,117,0.023227,runtime,world_decor,"{""16"": 137}"
3,110,113,113,building_stone,2p,sav_006,Building Stone 4,118,0.019158,runtime,world_decor,"{""16"": 113}"
1,126,127,127,building_stone,2p,sav_006,Building Stone 5,119,0.021532,runtime,world_decor,"{""16"": 127}"
1,131,132,132,building_stone,2p,sav_006,Building Stone 6,120,0.02238,runtime,world_decor,"{""16"": 132}"
3,146,149,149,building_stone,2p,sav_006,Building Stone 7,121,0.025262,runtime,world_decor,"{""16"": 149}"
4,131,135,135,building_stone,2p,sav_006,Building Stone 8,122,0.022888,runtime,world_decor,"{""16"": 135}"
3,142,145,145,building_stone,2p,sav_006,Building Stone 9,123,0.024584,runtime,world_decor,"{""16"": 145}"
0,135,135,135,building_stone,2p,sav_006,Building Stone 10,124,0.022888,runtime,world_decor,"{""16"": 135}"
4,138,142,142,building_stone,2p,sav_006,Building Stone 11,125,0.024075,runtime,world_decor,"{""16"": 142}"
2,116,118,118,building_stone,2p,sav_006,Building Stone 12,126,0.020006,runtime,world_decor,"{""16"": 118}"
0,18,18,18,building_stone,2p,sav_006,Building Stone 13,127,0.003052,runtime,world_decor,"{""16"": 18}"
2,0,2,2,territory_marker,2p,sav_006,Red flag,255,0.000339,runtime,runtime_overlay,"{""28"": 2}"
1,33,34,34,big_stone,2p,sav_007,Big Stone 1,1,0.005764,static,world_decor,"{""16"": 34}"
0,36,36,36,big_stone,2p,sav_007,Big Stone 2,2,0.006104,static,world_decor,"{""16"": 36}"
0,28,28,28,big_stone,2p,sav_007,Big Stone 3,3,0.004747,static,world_decor,"{""16"": 28}"
0,33,33,33,big_stone,2p,sav_007,Big Stone 4,4,0.005595,static,world_decor,"{""16"": 33}"
2,36,38,38,big_stone,2p,sav_007,Big Stone 5,5,0.006443,static,world_decor,"{""16"": 38}"
0,33,33,33,big_stone,2p,sav_007,Big Stone 6,6,0.005595,static,world_decor,"{""16"": 33}"
1,37,38,38,big_stone,2p,sav_007,Big Stone 7,7,0.006443,static,world_decor,"{""16"": 38}"
3,31,34,34,big_stone,2p,sav_007,Big Stone 8,8,0.005764,static,world_decor,"{""16"": 34}"
1,36,37,37,decorative_stone,2p,sav_007,Decorative Stone 1,9,0.006273,static,world_decor,"{""16"": 37}"
0,28,28,28,decorative_stone,2p,sav_007,Decorative Stone 2,10,0.004747,static,world_decor,"{""16"": 28}"
0,28,28,28,decorative_stone,2p,sav_007,Decorative Stone 3,11,0.004747,static,world_decor,"{""16"": 28}"
2,29,31,31,decorative_stone,2p,sav_007,Decorative Stone 4,12,0.005256,static,world_decor,"{""16"": 31}"
0,27,27,27,border_stone,2p,sav_007,Border Stone 1,13,0.004578,static,world_decor,"{""16"": 27}"
0,28,28,28,border_stone,2p,sav_007,Border Stone 2,14,0.004747,static,world_decor,"{""16"": 28}"
1,34,35,35,border_stone,2p,sav_007,Border Stone 3,15,0.005934,static,world_decor,"{""16"": 35}"
0,24,24,24,border_stone,2p,sav_007,Border Stone 4,16,0.004069,static,world_decor,"{""16"": 24}"
1,29,30,30,border_stone,2p,sav_007,Border Stone 5,17,0.005086,static,world_decor,"{""16"": 30}"
3,30,33,33,border_stone,2p,sav_007,Border Stone 6,18,0.005595,static,world_decor,"{""16"": 33}"
1,25,26,26,border_stone,2p,sav_007,Border Stone 7,19,0.004408,static,world_decor,"{""16"": 26}"
1,33,34,34,border_stone,2p,sav_007,Border Stone 8,20,0.005764,static,world_decor,"{""16"": 34}"
0,29,29,29,small_stone,2p,sav_007,Small Stone 1,21,0.004917,static,world_decor,"{""16"": 29}"
0,36,36,36,small_stone,2p,sav_007,Small Stone 2,22,0.006104,static,world_decor,"{""16"": 36}"
2,30,32,32,small_stone,2p,sav_007,Small Stone 3,23,0.005425,static,world_decor,"{""16"": 32}"
0,24,24,24,small_stone,2p,sav_007,Small Stone 4,24,0.004069,static,world_decor,"{""16"": 24}"
0,29,29,29,small_stone,2p,sav_007,Small Stone 5,25,0.004917,static,world_decor,"{""16"": 29}"
0,29,29,29,small_stone,2p,sav_007,Small Stone 6,26,0.004917,static,world_decor,"{""16"": 29}"
0,25,25,25,small_stone,2p,sav_007,Small Stone 7,27,0.004239,static,world_decor,"{""16"": 25}"
0,31,31,31,small_stone,2p,sav_007,Small Stone 8,28,0.005256,static,world_decor,"{""16"": 31}"
0,1,1,1,wreck,2p,sav_007,Wreck 1,29,0.00017,static,world_decor,"{""48"": 1}"
0,1,1,1,wreck,2p,sav_007,Wreck 3,31,0.00017,static,world_decor,"{""48"": 1}"
0,2,2,2,wreck,2p,sav_007,Wreck 4,32,0.000339,static,world_decor,"{""48"": 2}"
0,29,29,29,grave,2p,sav_007,Grave,34,0.004917,static,world_decor,"{""16"": 29}"
0,33,33,33,small_plant,2p,sav_007,Small Plant 1,35,0.005595,static,world_decor,"{""16"": 33}"
0,27,27,27,small_plant,2p,sav_007,Small Plant 2,36,0.004578,static,world_decor,"{""16"": 27}"
0,33,33,33,small_plant,2p,sav_007,Small Plant 3,37,0.005595,static,world_decor,"{""16"": 33}"
0,29,29,29,toadstool,2p,sav_007,Toadstool 1,38,0.004917,static,world_decor,"{""16"": 29}"
0,30,30,30,toadstool,2p,sav_007,Toadstool 2,39,0.005086,static,world_decor,"{""16"": 30}"
0,32,32,32,toadstool,2p,sav_007,Toadstool 3,40,0.005425,static,world_decor,"{""16"": 32}"
0,28,28,28,stump,2p,sav_007,Tree Stump 1,41,0.004747,static,world_decor,"{""16"": 28}"
0,24,24,24,stump,2p,sav_007,Tree Stump 2,42,0.004069,static,world_decor,"{""16"": 24}"
0,1,1,1,dead_tree,2p,sav_007,Dead Tree 1,43,0.00017,static,world_decor,"{""64"": 1}"
0,3,3,3,dead_tree,2p,sav_007,Dead Tree 2,44,0.000509,static,world_decor,"{""64"": 3}"
0,10,10,10,cactus,2p,sav_007,Cactus 1,45,0.001695,static,world_decor,"{""64"": 10}"
0,8,8,8,cactus,2p,sav_007,Cactus 2,46,0.001356,static,world_decor,"{""64"": 8}"
0,3,3,3,cactus,2p,sav_007,Cactus 3,47,0.000509,static,world_decor,"{""64"": 3}"
0,4,4,4,cactus,2p,sav_007,Cactus 4,48,0.000678,static,world_decor,"{""64"": 4}"
0,4,4,4,skeleton,2p,sav_007,Skeleton,49,0.000678,static,world_decor,"{""64"": 4}"
2,32,34,34,small_flower,2p,sav_007,Small Flower 1,50,0.005764,static,world_decor,"{""16"": 34}"
1,31,32,32,small_flower,2p,sav_007,Small Flower 2,51,0.005425,static,world_decor,"{""16"": 32}"
0,37,37,37,small_flower,2p,sav_007,Small Flower 3,52,0.006273,static,world_decor,"{""16"": 37}"
0,30,30,30,small_bush,2p,sav_007,Small Bush 1,53,0.005086,static,world_decor,"{""16"": 30}"
0,28,28,28,small_bush,2p,sav_007,Small Bush 2,54,0.004747,static,world_decor,"{""16"": 28}"
0,27,27,27,small_bush,2p,sav_007,Small Bush 3,55,0.004578,static,world_decor,"{""16"": 27}"
0,39,39,39,small_bush,2p,sav_007,Small Bush 4,56,0.006612,static,world_decor,"{""16"": 39}"
0,35,35,35,bush,2p,sav_007,Bush 1,57,0.005934,static,world_decor,"{""16"": 35}"
1,33,34,34,bush,2p,sav_007,Bush 2,58,0.005764,static,world_decor,"{""16"": 33, ""28"": 1}"
0,21,21,21,bush,2p,sav_007,Bush 3,59,0.00356,static,world_decor,"{""16"": 21}"
1,25,26,26,bush,2p,sav_007,Bush 4,60,0.004408,static,world_decor,"{""16"": 26}"
0,27,27,27,bush,2p,sav_007,Bush 5,61,0.004578,static,world_decor,"{""16"": 27}"
1,187,188,188,adult_tree,2p,sav_007,Birch 1,68,0.031874,static,world_decor,"{""16"": 188}"
3,155,158,158,adult_tree,2p,sav_007,Birch 2,69,0.026788,static,world_decor,"{""16"": 158}"
4,178,182,182,adult_tree,2p,sav_007,Elm 1,70,0.030857,static,world_decor,"{""16"": 182}"
9,200,209,209,adult_tree,2p,sav_007,Elm 2,71,0.035434,static,world_decor,"{""16"": 209}"
3,216,219,219,adult_tree,2p,sav_007,Oak,72,0.03713,static,world_decor,"{""16"": 219}"
1,205,206,206,adult_tree,2p,sav_007,Adult Tree 6,73,0.034926,static,world_decor,"{""16"": 206}"
1,225,226,226,adult_tree,2p,sav_007,Adult Tree 7,74,0.038317,static,world_decor,"{""16"": 226}"
1,252,253,253,adult_tree,2p,sav_007,Adult Tree 8,75,0.042894,static,world_decor,"{""16"": 253}"
0,202,202,202,adult_tree,2p,sav_007,Adult Tree 9,76,0.034248,static,world_decor,"{""16"": 202}"
1,231,232,232,adult_tree,2p,sav_007,Adult Tree 10,77,0.039334,static,world_decor,"{""16"": 232}"
0,13,13,13,palm,2p,sav_007,Palm 1,78,0.002204,static,world_decor,"{""64"": 13}"
0,15,15,15,palm,2p,sav_007,Palm 2,79,0.002543,static,world_decor,"{""64"": 15}"
6,338,344,344,adult_tree,2p,sav_007,Adult Tree 13,80,0.058322,static,world_decor,"{""16"": 344}"
5,274,279,279,adult_tree,2p,sav_007,Adult Tree 14,81,0.047302,static,world_decor,"{""16"": 279}"
1,139,140,140,building_stone,2p,sav_007,Building Stone 1,115,0.023736,static,world_decor,"{""16"": 140}"
0,132,132,132,building_stone,2p,sav_007,Building Stone 2,116,0.02238,static,world_decor,"{""16"": 132}"
0,130,130,130,building_stone,2p,sav_007,Building Stone 3,117,0.02204,static,world_decor,"{""16"": 130}"
2,151,153,153,building_stone,2p,sav_007,Building Stone 4,118,0.02594,static,world_decor,"{""16"": 153}"
1,128,129,129,building_stone,2p,sav_007,Building Stone 5,119,0.021871,static,world_decor,"{""16"": 129}"
2,145,147,147,building_stone,2p,sav_007,Building Stone 6,120,0.024923,static,world_decor,"{""16"": 147}"
2,141,143,143,building_stone,2p,sav_007,Building Stone 7,121,0.024245,static,world_decor,"{""16"": 143}"
1,125,126,126,building_stone,2p,sav_007,Building Stone 8,122,0.021362,static,world_decor,"{""16"": 126}"
1,136,137,137,building_stone,2p,sav_007,Building Stone 9,123,0.023227,static,world_decor,"{""16"": 137}"
0,145,145,145,building_stone,2p,sav_007,Building Stone 10,124,0.024584,static,world_decor,"{""16"": 145}"
2,118,120,120,building_stone,2p,sav_007,Building Stone 11,125,0.020345,static,world_decor,"{""16"": 120}"
5,149,154,154,building_stone,2p,sav_007,Building Stone 12,126,0.026109,static,world_decor,"{""16"": 154}"
0,17,17,17,building_stone,2p,sav_007,Building Stone 13,127,0.002882,static,world_decor,"{""16"": 17}"
1,33,34,34,big_stone,2p,sav_007,Big Stone 1,1,0.005764,runtime,world_decor,"{""16"": 34}"
0,36,36,36,big_stone,2p,sav_007,Big Stone 2,2,0.006104,runtime,world_decor,"{""16"": 36}"
0,28,28,28,big_stone,2p,sav_007,Big Stone 3,3,0.004747,runtime,world_decor,"{""16"": 28}"
0,33,33,33,big_stone,2p,sav_007,Big Stone 4,4,0.005595,runtime,world_decor,"{""16"": 33}"
2,36,38,38,big_stone,2p,sav_007,Big Stone 5,5,0.006443,runtime,world_decor,"{""16"": 38}"
0,33,33,33,big_stone,2p,sav_007,Big Stone 6,6,0.005595,runtime,world_decor,"{""16"": 33}"
1,37,38,38,big_stone,2p,sav_007,Big Stone 7,7,0.006443,runtime,world_decor,"{""16"": 38}"
3,31,34,34,big_stone,2p,sav_007,Big Stone 8,8,0.005764,runtime,world_decor,"{""16"": 34}"
1,36,37,37,decorative_stone,2p,sav_007,Decorative Stone 1,9,0.006273,runtime,world_decor,"{""16"": 37}"
0,28,28,28,decorative_stone,2p,sav_007,Decorative Stone 2,10,0.004747,runtime,world_decor,"{""16"": 28}"
0,28,28,28,decorative_stone,2p,sav_007,Decorative Stone 3,11,0.004747,runtime,world_decor,"{""16"": 28}"
2,29,31,31,decorative_stone,2p,sav_007,Decorative Stone 4,12,0.005256,runtime,world_decor,"{""16"": 31}"
0,27,27,27,border_stone,2p,sav_007,Border Stone 1,13,0.004578,runtime,world_decor,"{""16"": 27}"
0,28,28,28,border_stone,2p,sav_007,Border Stone 2,14,0.004747,runtime,world_decor,"{""16"": 28}"
1,34,35,35,border_stone,2p,sav_007,Border Stone 3,15,0.005934,runtime,world_decor,"{""16"": 35}"
0,24,24,24,border_stone,2p,sav_007,Border Stone 4,16,0.004069,runtime,world_decor,"{""16"": 24}"
1,29,30,30,border_stone,2p,sav_007,Border Stone 5,17,0.005086,runtime,world_decor,"{""16"": 30}"
3,30,33,33,border_stone,2p,sav_007,Border Stone 6,18,0.005595,runtime,world_decor,"{""16"": 33}"
1,25,26,26,border_stone,2p,sav_007,Border Stone 7,19,0.004408,runtime,world_decor,"{""16"": 26}"
1,33,34,34,border_stone,2p,sav_007,Border Stone 8,20,0.005764,runtime,world_decor,"{""16"": 34}"
0,29,29,29,small_stone,2p,sav_007,Small Stone 1,21,0.004917,runtime,world_decor,"{""16"": 29}"
0,36,36,36,small_stone,2p,sav_007,Small Stone 2,22,0.006104,runtime,world_decor,"{""16"": 36}"
2,30,32,32,small_stone,2p,sav_007,Small Stone 3,23,0.005425,runtime,world_decor,"{""16"": 32}"
0,24,24,24,small_stone,2p,sav_007,Small Stone 4,24,0.004069,runtime,world_decor,"{""16"": 24}"
0,29,29,29,small_stone,2p,sav_007,Small Stone 5,25,0.004917,runtime,world_decor,"{""16"": 29}"
0,29,29,29,small_stone,2p,sav_007,Small Stone 6,26,0.004917,runtime,world_decor,"{""16"": 29}"
0,25,25,25,small_stone,2p,sav_007,Small Stone 7,27,0.004239,runtime,world_decor,"{""16"": 25}"
0,31,31,31,small_stone,2p,sav_007,Small Stone 8,28,0.005256,runtime,world_decor,"{""16"": 31}"
0,1,1,1,wreck,2p,sav_007,Wreck 1,29,0.00017,runtime,world_decor,"{""48"": 1}"
0,1,1,1,wreck,2p,sav_007,Wreck 3,31,0.00017,runtime,world_decor,"{""48"": 1}"
0,2,2,2,wreck,2p,sav_007,Wreck 4,32,0.000339,runtime,world_decor,"{""48"": 2}"
0,29,29,29,grave,2p,sav_007,Grave,34,0.004917,runtime,world_decor,"{""16"": 29}"
0,33,33,33,small_plant,2p,sav_007,Small Plant 1,35,0.005595,runtime,world_decor,"{""16"": 33}"
0,27,27,27,small_plant,2p,sav_007,Small Plant 2,36,0.004578,runtime,world_decor,"{""16"": 27}"
0,33,33,33,small_plant,2p,sav_007,Small Plant 3,37,0.005595,runtime,world_decor,"{""16"": 33}"
0,29,29,29,toadstool,2p,sav_007,Toadstool 1,38,0.004917,runtime,world_decor,"{""16"": 29}"
0,30,30,30,toadstool,2p,sav_007,Toadstool 2,39,0.005086,runtime,world_decor,"{""16"": 30}"
0,32,32,32,toadstool,2p,sav_007,Toadstool 3,40,0.005425,runtime,world_decor,"{""16"": 32}"
0,28,28,28,stump,2p,sav_007,Tree Stump 1,41,0.004747,runtime,world_decor,"{""16"": 28}"
0,24,24,24,stump,2p,sav_007,Tree Stump 2,42,0.004069,runtime,world_decor,"{""16"": 24}"
0,1,1,1,dead_tree,2p,sav_007,Dead Tree 1,43,0.00017,runtime,world_decor,"{""64"": 1}"
0,3,3,3,dead_tree,2p,sav_007,Dead Tree 2,44,0.000509,runtime,world_decor,"{""64"": 3}"
0,10,10,10,cactus,2p,sav_007,Cactus 1,45,0.001695,runtime,world_decor,"{""64"": 10}"
0,8,8,8,cactus,2p,sav_007,Cactus 2,46,0.001356,runtime,world_decor,"{""64"": 8}"
0,3,3,3,cactus,2p,sav_007,Cactus 3,47,0.000509,runtime,world_decor,"{""64"": 3}"
0,4,4,4,cactus,2p,sav_007,Cactus 4,48,0.000678,runtime,world_decor,"{""64"": 4}"
0,4,4,4,skeleton,2p,sav_007,Skeleton,49,0.000678,runtime,world_decor,"{""64"": 4}"
2,32,34,34,small_flower,2p,sav_007,Small Flower 1,50,0.005764,runtime,world_decor,"{""16"": 34}"
1,31,32,32,small_flower,2p,sav_007,Small Flower 2,51,0.005425,runtime,world_decor,"{""16"": 32}"
0,37,37,37,small_flower,2p,sav_007,Small Flower 3,52,0.006273,runtime,world_decor,"{""16"": 37}"
0,30,30,30,small_bush,2p,sav_007,Small Bush 1,53,0.005086,runtime,world_decor,"{""16"": 30}"
0,28,28,28,small_bush,2p,sav_007,Small Bush 2,54,0.004747,runtime,world_decor,"{""16"": 28}"
0,27,27,27,small_bush,2p,sav_007,Small Bush 3,55,0.004578,runtime,world_decor,"{""16"": 27}"
0,39,39,39,small_bush,2p,sav_007,Small Bush 4,56,0.006612,runtime,world_decor,"{""16"": 39}"
0,35,35,35,bush,2p,sav_007,Bush 1,57,0.005934,runtime,world_decor,"{""16"": 35}"
0,33,33,33,bush,2p,sav_007,Bush 2,58,0.005595,runtime,world_decor,"{""16"": 33}"
0,21,21,21,bush,2p,sav_007,Bush 3,59,0.00356,runtime,world_decor,"{""16"": 21}"
1,25,26,26,bush,2p,sav_007,Bush 4,60,0.004408,runtime,world_decor,"{""16"": 26}"
0,27,27,27,bush,2p,sav_007,Bush 5,61,0.004578,runtime,world_decor,"{""16"": 27}"
1,187,188,188,adult_tree,2p,sav_007,Birch 1,68,0.031874,runtime,world_decor,"{""16"": 188}"
3,155,158,158,adult_tree,2p,sav_007,Birch 2,69,0.026788,runtime,world_decor,"{""16"": 158}"
4,178,182,182,adult_tree,2p,sav_007,Elm 1,70,0.030857,runtime,world_decor,"{""16"": 182}"
9,200,209,209,adult_tree,2p,sav_007,Elm 2,71,0.035434,runtime,world_decor,"{""16"": 209}"
3,216,219,219,adult_tree,2p,sav_007,Oak,72,0.03713,runtime,world_decor,"{""16"": 219}"
1,205,206,206,adult_tree,2p,sav_007,Adult Tree 6,73,0.034926,runtime,world_decor,"{""16"": 206}"
1,225,226,226,adult_tree,2p,sav_007,Adult Tree 7,74,0.038317,runtime,world_decor,"{""16"": 226}"
1,252,253,253,adult_tree,2p,sav_007,Adult Tree 8,75,0.042894,runtime,world_decor,"{""16"": 253}"
0,202,202,202,adult_tree,2p,sav_007,Adult Tree 9,76,0.034248,runtime,world_decor,"{""16"": 202}"
1,231,232,232,adult_tree,2p,sav_007,Adult Tree 10,77,0.039334,runtime,world_decor,"{""16"": 232}"
0,13,13,13,palm,2p,sav_007,Palm 1,78,0.002204,runtime,world_decor,"{""64"": 13}"
0,15,15,15,palm,2p,sav_007,Palm 2,79,0.002543,runtime,world_decor,"{""64"": 15}"
6,338,344,344,adult_tree,2p,sav_007,Adult Tree 13,80,0.058322,runtime,world_decor,"{""16"": 344}"
5,274,279,279,adult_tree,2p,sav_007,Adult Tree 14,81,0.047302,runtime,world_decor,"{""16"": 279}"
0,3,3,3,reef,2p,sav_007,Reef 2,112,0.000509,runtime,world_decor,"{""16"": 1, ""24"": 2}"
0,18,18,18,reef,2p,sav_007,Reef 3,113,0.003052,runtime,world_decor,"{""16"": 10, ""24"": 8}"
1,139,140,140,building_stone,2p,sav_007,Building Stone 1,115,0.023736,runtime,world_decor,"{""16"": 140}"
0,132,132,132,building_stone,2p,sav_007,Building Stone 2,116,0.02238,runtime,world_decor,"{""16"": 132}"
0,130,130,130,building_stone,2p,sav_007,Building Stone 3,117,0.02204,runtime,world_decor,"{""16"": 130}"
2,151,153,153,building_stone,2p,sav_007,Building Stone 4,118,0.02594,runtime,world_decor,"{""16"": 153}"
1,128,129,129,building_stone,2p,sav_007,Building Stone 5,119,0.021871,runtime,world_decor,"{""16"": 129}"
2,145,147,147,building_stone,2p,sav_007,Building Stone 6,120,0.024923,runtime,world_decor,"{""16"": 147}"
2,141,143,143,building_stone,2p,sav_007,Building Stone 7,121,0.024245,runtime,world_decor,"{""16"": 143}"
1,125,126,126,building_stone,2p,sav_007,Building Stone 8,122,0.021362,runtime,world_decor,"{""16"": 126}"
1,136,137,137,building_stone,2p,sav_007,Building Stone 9,123,0.023227,runtime,world_decor,"{""16"": 137}"
0,145,145,145,building_stone,2p,sav_007,Building Stone 10,124,0.024584,runtime,world_decor,"{""16"": 145}"
2,118,120,120,building_stone,2p,sav_007,Building Stone 11,125,0.020345,runtime,world_decor,"{""16"": 120}"
5,149,154,154,building_stone,2p,sav_007,Building Stone 12,126,0.026109,runtime,world_decor,"{""16"": 154}"
0,17,17,17,building_stone,2p,sav_007,Building Stone 13,127,0.002882,runtime,world_decor,"{""16"": 17}"
2,0,2,2,territory_marker,2p,sav_007,Red flag,255,0.000339,runtime,runtime_overlay,"{""28"": 2}"
0,25,25,25,big_stone,2p,sav_008,Big Stone 1,1,0.004239,static,world_decor,"{""16"": 25}"
0,34,34,34,big_stone,2p,sav_008,Big Stone 2,2,0.005764,static,world_decor,"{""16"": 34}"
1,40,41,41,big_stone,2p,sav_008,Big Stone 3,3,0.006951,static,world_decor,"{""16"": 41}"
0,34,34,34,big_stone,2p,sav_008,Big Stone 4,4,0.005764,static,world_decor,"{""16"": 34}"
0,31,31,31,big_stone,2p,sav_008,Big Stone 5,5,0.005256,static,world_decor,"{""16"": 31}"
0,35,35,35,big_stone,2p,sav_008,Big Stone 6,6,0.005934,static,world_decor,"{""16"": 35}"
0,28,28,28,big_stone,2p,sav_008,Big Stone 7,7,0.004747,static,world_decor,"{""16"": 28}"
0,33,33,33,big_stone,2p,sav_008,Big Stone 8,8,0.005595,static,world_decor,"{""16"": 33}"
0,28,28,28,decorative_stone,2p,sav_008,Decorative Stone 1,9,0.004747,static,world_decor,"{""16"": 28}"
0,44,44,44,decorative_stone,2p,sav_008,Decorative Stone 2,10,0.00746,static,world_decor,"{""16"": 44}"
0,32,32,32,decorative_stone,2p,sav_008,Decorative Stone 3,11,0.005425,static,world_decor,"{""16"": 32}"
1,28,29,29,decorative_stone,2p,sav_008,Decorative Stone 4,12,0.004917,static,world_decor,"{""16"": 29}"
0,34,34,34,border_stone,2p,sav_008,Border Stone 1,13,0.005764,static,world_decor,"{""16"": 34}"
0,31,31,31,border_stone,2p,sav_008,Border Stone 2,14,0.005256,static,world_decor,"{""16"": 31}"
0,21,21,21,border_stone,2p,sav_008,Border Stone 3,15,0.00356,static,world_decor,"{""16"": 21}"
1,28,29,29,border_stone,2p,sav_008,Border Stone 4,16,0.004917,static,world_decor,"{""16"": 29}"
0,32,32,32,border_stone,2p,sav_008,Border Stone 5,17,0.005425,static,world_decor,"{""16"": 32}"
0,31,31,31,border_stone,2p,sav_008,Border Stone 6,18,0.005256,static,world_decor,"{""16"": 31}"
0,39,39,39,border_stone,2p,sav_008,Border Stone 7,19,0.006612,static,world_decor,"{""16"": 39}"
0,26,26,26,border_stone,2p,sav_008,Border Stone 8,20,0.004408,static,world_decor,"{""16"": 26}"
1,32,33,33,small_stone,2p,sav_008,Small Stone 1,21,0.005595,static,world_decor,"{""16"": 33}"
0,24,24,24,small_stone,2p,sav_008,Small Stone 2,22,0.004069,static,world_decor,"{""16"": 24}"
1,31,32,32,small_stone,2p,sav_008,Small Stone 3,23,0.005425,static,world_decor,"{""16"": 32}"
0,28,28,28,small_stone,2p,sav_008,Small Stone 4,24,0.004747,static,world_decor,"{""16"": 28}"
0,27,27,27,small_stone,2p,sav_008,Small Stone 5,25,0.004578,static,world_decor,"{""16"": 27}"
0,34,34,34,small_stone,2p,sav_008,Small Stone 6,26,0.005764,static,world_decor,"{""16"": 34}"
2,24,26,26,small_stone,2p,sav_008,Small Stone 7,27,0.004408,static,world_decor,"{""16"": 26}"
1,26,27,27,small_stone,2p,sav_008,Small Stone 8,28,0.004578,static,world_decor,"{""16"": 27}"
0,2,2,2,wreck,2p,sav_008,Wreck 1,29,0.000339,static,world_decor,"{""48"": 2}"
0,2,2,2,wreck,2p,sav_008,Wreck 4,32,0.000339,static,world_decor,"{""48"": 2}"
1,33,34,34,grave,2p,sav_008,Grave,34,0.005764,static,world_decor,"{""16"": 34}"
0,32,32,32,small_plant,2p,sav_008,Small Plant 1,35,0.005425,static,world_decor,"{""16"": 32}"
0,33,33,33,small_plant,2p,sav_008,Small Plant 2,36,0.005595,static,world_decor,"{""16"": 33}"
1,21,22,22,small_plant,2p,sav_008,Small Plant 3,37,0.00373,static,world_decor,"{""16"": 22}"
1,26,27,27,toadstool,2p,sav_008,Toadstool 1,38,0.004578,static,world_decor,"{""16"": 27}"
0,29,29,29,toadstool,2p,sav_008,Toadstool 2,39,0.004917,static,world_decor,"{""16"": 29}"
0,25,25,25,toadstool,2p,sav_008,Toadstool 3,40,0.004239,static,world_decor,"{""16"": 25}"
1,27,28,28,stump,2p,sav_008,Tree Stump 1,41,0.004747,static,world_decor,"{""16"": 28}"
1,26,27,27,stump,2p,sav_008,Tree Stump 2,42,0.004578,static,world_decor,"{""16"": 27}"
0,2,2,2,dead_tree,2p,sav_008,Dead Tree 1,43,0.000339,static,world_decor,"{""64"": 2}"
0,4,4,4,dead_tree,2p,sav_008,Dead Tree 2,44,0.000678,static,world_decor,"{""64"": 4}"
0,8,8,8,cactus,2p,sav_008,Cactus 1,45,0.001356,static,world_decor,"{""64"": 8}"
0,5,5,5,cactus,2p,sav_008,Cactus 2,46,0.000848,static,world_decor,"{""64"": 5}"
0,6,6,6,cactus,2p,sav_008,Cactus 3,47,0.001017,static,world_decor,"{""64"": 6}"
0,5,5,5,cactus,2p,sav_008,Cactus 4,48,0.000848,static,world_decor,"{""64"": 5}"
0,2,2,2,skeleton,2p,sav_008,Skeleton,49,0.000339,static,world_decor,"{""64"": 2}"
1,26,27,27,small_flower,2p,sav_008,Small Flower 1,50,0.004578,static,world_decor,"{""16"": 27}"
0,30,30,30,small_flower,2p,sav_008,Small Flower 2,51,0.005086,static,world_decor,"{""16"": 30}"
0,26,26,26,small_flower,2p,sav_008,Small Flower 3,52,0.004408,static,world_decor,"{""16"": 26}"
0,30,30,30,small_bush,2p,sav_008,Small Bush 1,53,0.005086,static,world_decor,"{""16"": 30}"
1,29,30,30,small_bush,2p,sav_008,Small Bush 2,54,0.005086,static,world_decor,"{""16"": 30}"
1,20,21,21,small_bush,2p,sav_008,Small Bush 3,55,0.00356,static,world_decor,"{""16"": 21}"
2,31,33,33,small_bush,2p,sav_008,Small Bush 4,56,0.005595,static,world_decor,"{""16"": 33}"
0,26,26,26,bush,2p,sav_008,Bush 1,57,0.004408,static,world_decor,"{""16"": 26}"
0,25,25,25,bush,2p,sav_008,Bush 2,58,0.004239,static,world_decor,"{""16"": 25}"
0,26,26,26,bush,2p,sav_008,Bush 3,59,0.004408,static,world_decor,"{""16"": 26}"
0,25,25,25,bush,2p,sav_008,Bush 4,60,0.004239,static,world_decor,"{""16"": 25}"
0,26,26,26,bush,2p,sav_008,Bush 5,61,0.004408,static,world_decor,"{""16"": 26}"
0,2,2,2,reed,2p,sav_008,Reed 2,63,0.000339,static,world_decor,"{""80"": 2}"
1,208,209,209,adult_tree,2p,sav_008,Birch 1,68,0.035434,static,world_decor,"{""16"": 209}"
3,201,204,204,adult_tree,2p,sav_008,Birch 2,69,0.034587,static,world_decor,"{""16"": 204}"
0,183,183,183,adult_tree,2p,sav_008,Elm 1,70,0.031026,static,world_decor,"{""16"": 183}"
0,211,211,211,adult_tree,2p,sav_008,Elm 2,71,0.035773,static,world_decor,"{""16"": 211}"
0,180,180,180,adult_tree,2p,sav_008,Oak,72,0.030518,static,world_decor,"{""16"": 180}"
0,191,191,191,adult_tree,2p,sav_008,Adult Tree 6,73,0.032383,static,world_decor,"{""16"": 191}"
2,211,213,213,adult_tree,2p,sav_008,Adult Tree 7,74,0.036112,static,world_decor,"{""16"": 213}"
0,206,206,206,adult_tree,2p,sav_008,Adult Tree 8,75,0.034926,static,world_decor,"{""16"": 206}"
1,195,196,196,adult_tree,2p,sav_008,Adult Tree 9,76,0.03323,static,world_decor,"{""16"": 196}"
0,176,176,176,adult_tree,2p,sav_008,Adult Tree 10,77,0.029839,static,world_decor,"{""16"": 176}"
0,4,4,4,palm,2p,sav_008,Palm 1,78,0.000678,static,world_decor,"{""64"": 4}"
0,13,13,13,palm,2p,sav_008,Palm 2,79,0.002204,static,world_decor,"{""64"": 13}"
9,367,376,376,adult_tree,2p,sav_008,Adult Tree 13,80,0.063748,static,world_decor,"{""16"": 376}"
8,402,410,410,adult_tree,2p,sav_008,Adult Tree 14,81,0.069512,static,world_decor,"{""16"": 410}"
3,122,125,125,building_stone,2p,sav_008,Building Stone 1,115,0.021193,static,world_decor,"{""16"": 125}"
3,122,125,125,building_stone,2p,sav_008,Building Stone 2,116,0.021193,static,world_decor,"{""16"": 125}"
2,125,127,127,building_stone,2p,sav_008,Building Stone 3,117,0.021532,static,world_decor,"{""16"": 127}"
5,113,118,118,building_stone,2p,sav_008,Building Stone 4,118,0.020006,static,world_decor,"{""16"": 118}"
1,136,137,137,building_stone,2p,sav_008,Building Stone 5,119,0.023227,static,world_decor,"{""16"": 137}"
1,137,138,138,building_stone,2p,sav_008,Building Stone 6,120,0.023397,static,world_decor,"{""16"": 138}"
2,158,160,160,building_stone,2p,sav_008,Building Stone 7,121,0.027127,static,world_decor,"{""16"": 160}"
2,142,144,144,building_stone,2p,sav_008,Building Stone 8,122,0.024414,static,world_decor,"{""16"": 144}"
7,115,122,122,building_stone,2p,sav_008,Building Stone 9,123,0.020684,static,world_decor,"{""16"": 122}"
4,134,138,138,building_stone,2p,sav_008,Building Stone 10,124,0.023397,static,world_decor,"{""16"": 138}"
1,126,127,127,building_stone,2p,sav_008,Building Stone 11,125,0.021532,static,world_decor,"{""16"": 127}"
2,125,127,127,building_stone,2p,sav_008,Building Stone 12,126,0.021532,static,world_decor,"{""16"": 127}"
0,23,23,23,building_stone,2p,sav_008,Building Stone 13,127,0.003899,static,world_decor,"{""16"": 23}"
0,25,25,25,big_stone,2p,sav_008,Big Stone 1,1,0.004239,runtime,world_decor,"{""16"": 25}"
0,34,34,34,big_stone,2p,sav_008,Big Stone 2,2,0.005764,runtime,world_decor,"{""16"": 34}"
1,40,41,41,big_stone,2p,sav_008,Big Stone 3,3,0.006951,runtime,world_decor,"{""16"": 41}"
0,34,34,34,big_stone,2p,sav_008,Big Stone 4,4,0.005764,runtime,world_decor,"{""16"": 34}"
0,31,31,31,big_stone,2p,sav_008,Big Stone 5,5,0.005256,runtime,world_decor,"{""16"": 31}"
0,35,35,35,big_stone,2p,sav_008,Big Stone 6,6,0.005934,runtime,world_decor,"{""16"": 35}"
0,28,28,28,big_stone,2p,sav_008,Big Stone 7,7,0.004747,runtime,world_decor,"{""16"": 28}"
0,33,33,33,big_stone,2p,sav_008,Big Stone 8,8,0.005595,runtime,world_decor,"{""16"": 33}"
0,28,28,28,decorative_stone,2p,sav_008,Decorative Stone 1,9,0.004747,runtime,world_decor,"{""16"": 28}"
0,44,44,44,decorative_stone,2p,sav_008,Decorative Stone 2,10,0.00746,runtime,world_decor,"{""16"": 44}"
0,32,32,32,decorative_stone,2p,sav_008,Decorative Stone 3,11,0.005425,runtime,world_decor,"{""16"": 32}"
1,28,29,29,decorative_stone,2p,sav_008,Decorative Stone 4,12,0.004917,runtime,world_decor,"{""16"": 29}"
0,34,34,34,border_stone,2p,sav_008,Border Stone 1,13,0.005764,runtime,world_decor,"{""16"": 34}"
0,31,31,31,border_stone,2p,sav_008,Border Stone 2,14,0.005256,runtime,world_decor,"{""16"": 31}"
0,21,21,21,border_stone,2p,sav_008,Border Stone 3,15,0.00356,runtime,world_decor,"{""16"": 21}"
1,28,29,29,border_stone,2p,sav_008,Border Stone 4,16,0.004917,runtime,world_decor,"{""16"": 29}"
0,32,32,32,border_stone,2p,sav_008,Border Stone 5,17,0.005425,runtime,world_decor,"{""16"": 32}"
0,31,31,31,border_stone,2p,sav_008,Border Stone 6,18,0.005256,runtime,world_decor,"{""16"": 31}"
0,39,39,39,border_stone,2p,sav_008,Border Stone 7,19,0.006612,runtime,world_decor,"{""16"": 39}"
0,26,26,26,border_stone,2p,sav_008,Border Stone 8,20,0.004408,runtime,world_decor,"{""16"": 26}"
1,32,33,33,small_stone,2p,sav_008,Small Stone 1,21,0.005595,runtime,world_decor,"{""16"": 33}"
0,24,24,24,small_stone,2p,sav_008,Small Stone 2,22,0.004069,runtime,world_decor,"{""16"": 24}"
1,31,32,32,small_stone,2p,sav_008,Small Stone 3,23,0.005425,runtime,world_decor,"{""16"": 32}"
0,28,28,28,small_stone,2p,sav_008,Small Stone 4,24,0.004747,runtime,world_decor,"{""16"": 28}"
0,27,27,27,small_stone,2p,sav_008,Small Stone 5,25,0.004578,runtime,world_decor,"{""16"": 27}"
0,34,34,34,small_stone,2p,sav_008,Small Stone 6,26,0.005764,runtime,world_decor,"{""16"": 34}"
2,24,26,26,small_stone,2p,sav_008,Small Stone 7,27,0.004408,runtime,world_decor,"{""16"": 26}"
1,26,27,27,small_stone,2p,sav_008,Small Stone 8,28,0.004578,runtime,world_decor,"{""16"": 27}"
0,2,2,2,wreck,2p,sav_008,Wreck 1,29,0.000339,runtime,world_decor,"{""48"": 2}"
0,2,2,2,wreck,2p,sav_008,Wreck 4,32,0.000339,runtime,world_decor,"{""48"": 2}"
1,33,34,34,grave,2p,sav_008,Grave,34,0.005764,runtime,world_decor,"{""16"": 34}"
0,32,32,32,small_plant,2p,sav_008,Small Plant 1,35,0.005425,runtime,world_decor,"{""16"": 32}"
0,33,33,33,small_plant,2p,sav_008,Small Plant 2,36,0.005595,runtime,world_decor,"{""16"": 33}"
1,21,22,22,small_plant,2p,sav_008,Small Plant 3,37,0.00373,runtime,world_decor,"{""16"": 22}"
1,26,27,27,toadstool,2p,sav_008,Toadstool 1,38,0.004578,runtime,world_decor,"{""16"": 27}"
0,29,29,29,toadstool,2p,sav_008,Toadstool 2,39,0.004917,runtime,world_decor,"{""16"": 29}"
0,25,25,25,toadstool,2p,sav_008,Toadstool 3,40,0.004239,runtime,world_decor,"{""16"": 25}"
1,27,28,28,stump,2p,sav_008,Tree Stump 1,41,0.004747,runtime,world_decor,"{""16"": 28}"
1,26,27,27,stump,2p,sav_008,Tree Stump 2,42,0.004578,runtime,world_decor,"{""16"": 27}"
0,2,2,2,dead_tree,2p,sav_008,Dead Tree 1,43,0.000339,runtime,world_decor,"{""64"": 2}"
0,4,4,4,dead_tree,2p,sav_008,Dead Tree 2,44,0.000678,runtime,world_decor,"{""64"": 4}"
0,8,8,8,cactus,2p,sav_008,Cactus 1,45,0.001356,runtime,world_decor,"{""64"": 8}"
0,5,5,5,cactus,2p,sav_008,Cactus 2,46,0.000848,runtime,world_decor,"{""64"": 5}"
0,6,6,6,cactus,2p,sav_008,Cactus 3,47,0.001017,runtime,world_decor,"{""64"": 6}"
0,5,5,5,cactus,2p,sav_008,Cactus 4,48,0.000848,runtime,world_decor,"{""64"": 5}"
0,2,2,2,skeleton,2p,sav_008,Skeleton,49,0.000339,runtime,world_decor,"{""64"": 2}"
1,26,27,27,small_flower,2p,sav_008,Small Flower 1,50,0.004578,runtime,world_decor,"{""16"": 27}"
0,30,30,30,small_flower,2p,sav_008,Small Flower 2,51,0.005086,runtime,world_decor,"{""16"": 30}"
0,26,26,26,small_flower,2p,sav_008,Small Flower 3,52,0.004408,runtime,world_decor,"{""16"": 26}"
0,30,30,30,small_bush,2p,sav_008,Small Bush 1,53,0.005086,runtime,world_decor,"{""16"": 30}"
1,29,30,30,small_bush,2p,sav_008,Small Bush 2,54,0.005086,runtime,world_decor,"{""16"": 30}"
1,20,21,21,small_bush,2p,sav_008,Small Bush 3,55,0.00356,runtime,world_decor,"{""16"": 21}"
2,31,33,33,small_bush,2p,sav_008,Small Bush 4,56,0.005595,runtime,world_decor,"{""16"": 33}"
0,26,26,26,bush,2p,sav_008,Bush 1,57,0.004408,runtime,world_decor,"{""16"": 26}"
0,25,25,25,bush,2p,sav_008,Bush 2,58,0.004239,runtime,world_decor,"{""16"": 25}"
0,26,26,26,bush,2p,sav_008,Bush 3,59,0.004408,runtime,world_decor,"{""16"": 26}"
0,25,25,25,bush,2p,sav_008,Bush 4,60,0.004239,runtime,world_decor,"{""16"": 25}"
0,26,26,26,bush,2p,sav_008,Bush 5,61,0.004408,runtime,world_decor,"{""16"": 26}"
0,2,2,2,reed,2p,sav_008,Reed 2,63,0.000339,runtime,world_decor,"{""80"": 2}"
1,208,209,209,adult_tree,2p,sav_008,Birch 1,68,0.035434,runtime,world_decor,"{""16"": 209}"
3,201,204,204,adult_tree,2p,sav_008,Birch 2,69,0.034587,runtime,world_decor,"{""16"": 204}"
0,183,183,183,adult_tree,2p,sav_008,Elm 1,70,0.031026,runtime,world_decor,"{""16"": 183}"
0,211,211,211,adult_tree,2p,sav_008,Elm 2,71,0.035773,runtime,world_decor,"{""16"": 211}"
0,180,180,180,adult_tree,2p,sav_008,Oak,72,0.030518,runtime,world_decor,"{""16"": 180}"
0,191,191,191,adult_tree,2p,sav_008,Adult Tree 6,73,0.032383,runtime,world_decor,"{""16"": 191}"
2,211,213,213,adult_tree,2p,sav_008,Adult Tree 7,74,0.036112,runtime,world_decor,"{""16"": 213}"
0,206,206,206,adult_tree,2p,sav_008,Adult Tree 8,75,0.034926,runtime,world_decor,"{""16"": 206}"
1,195,196,196,adult_tree,2p,sav_008,Adult Tree 9,76,0.03323,runtime,world_decor,"{""16"": 196}"
0,176,176,176,adult_tree,2p,sav_008,Adult Tree 10,77,0.029839,runtime,world_decor,"{""16"": 176}"
0,4,4,4,palm,2p,sav_008,Palm 1,78,0.000678,runtime,world_decor,"{""64"": 4}"
0,13,13,13,palm,2p,sav_008,Palm 2,79,0.002204,runtime,world_decor,"{""64"": 13}"
9,367,376,376,adult_tree,2p,sav_008,Adult Tree 13,80,0.063748,runtime,world_decor,"{""16"": 376}"
8,402,410,410,adult_tree,2p,sav_008,Adult Tree 14,81,0.069512,runtime,world_decor,"{""16"": 410}"
0,2,2,2,reef,2p,sav_008,Reef 2,112,0.000339,runtime,world_decor,"{""16"": 2}"
0,12,12,12,reef,2p,sav_008,Reef 3,113,0.002035,runtime,world_decor,"{""16"": 11, ""23"": 1}"
3,122,125,125,building_stone,2p,sav_008,Building Stone 1,115,0.021193,runtime,world_decor,"{""16"": 125}"
3,122,125,125,building_stone,2p,sav_008,Building Stone 2,116,0.021193,runtime,world_decor,"{""16"": 125}"
2,125,127,127,building_stone,2p,sav_008,Building Stone 3,117,0.021532,runtime,world_decor,"{""16"": 127}"
5,113,118,118,building_stone,2p,sav_008,Building Stone 4,118,0.020006,runtime,world_decor,"{""16"": 118}"
1,136,137,137,building_stone,2p,sav_008,Building Stone 5,119,0.023227,runtime,world_decor,"{""16"": 137}"
1,137,138,138,building_stone,2p,sav_008,Building Stone 6,120,0.023397,runtime,world_decor,"{""16"": 138}"
2,158,160,160,building_stone,2p,sav_008,Building Stone 7,121,0.027127,runtime,world_decor,"{""16"": 160}"
2,142,144,144,building_stone,2p,sav_008,Building Stone 8,122,0.024414,runtime,world_decor,"{""16"": 144}"
7,115,122,122,building_stone,2p,sav_008,Building Stone 9,123,0.020684,runtime,world_decor,"{""16"": 122}"
4,134,138,138,building_stone,2p,sav_008,Building Stone 10,124,0.023397,runtime,world_decor,"{""16"": 138}"
1,126,127,127,building_stone,2p,sav_008,Building Stone 11,125,0.021532,runtime,world_decor,"{""16"": 127}"
2,125,127,127,building_stone,2p,sav_008,Building Stone 12,126,0.021532,runtime,world_decor,"{""16"": 127}"
0,23,23,23,building_stone,2p,sav_008,Building Stone 13,127,0.003899,runtime,world_decor,"{""16"": 23}"
2,0,2,2,territory_marker,2p,sav_008,Red flag,255,0.000339,runtime,runtime_overlay,"{""28"": 2}"
1,25,26,26,big_stone,20p,sav_009,Big Stone 1,1,0.004408,static,world_decor,"{""16"": 26}"
1,25,26,26,big_stone,20p,sav_009,Big Stone 2,2,0.004408,static,world_decor,"{""16"": 26}"
2,31,33,33,big_stone,20p,sav_009,Big Stone 3,3,0.005595,static,world_decor,"{""16"": 33}"
0,32,32,32,big_stone,20p,sav_009,Big Stone 4,4,0.005425,static,world_decor,"{""16"": 32}"
0,31,31,31,big_stone,20p,sav_009,Big Stone 5,5,0.005256,static,world_decor,"{""16"": 31}"
1,30,31,31,big_stone,20p,sav_009,Big Stone 6,6,0.005256,static,world_decor,"{""16"": 31}"
1,27,28,28,big_stone,20p,sav_009,Big Stone 7,7,0.004747,static,world_decor,"{""16"": 28}"
0,34,34,34,big_stone,20p,sav_009,Big Stone 8,8,0.005764,static,world_decor,"{""16"": 34}"
0,34,34,34,decorative_stone,20p,sav_009,Decorative Stone 1,9,0.005764,static,world_decor,"{""16"": 34}"
1,32,33,33,decorative_stone,20p,sav_009,Decorative Stone 2,10,0.005595,static,world_decor,"{""16"": 33}"
0,30,30,30,decorative_stone,20p,sav_009,Decorative Stone 3,11,0.005086,static,world_decor,"{""16"": 30}"
1,32,33,33,decorative_stone,20p,sav_009,Decorative Stone 4,12,0.005595,static,world_decor,"{""16"": 33}"
0,21,21,21,border_stone,20p,sav_009,Border Stone 1,13,0.00356,static,world_decor,"{""16"": 21}"
0,30,30,30,border_stone,20p,sav_009,Border Stone 2,14,0.005086,static,world_decor,"{""16"": 30}"
1,27,28,28,border_stone,20p,sav_009,Border Stone 3,15,0.004747,static,world_decor,"{""16"": 28}"
0,30,30,30,border_stone,20p,sav_009,Border Stone 4,16,0.005086,static,world_decor,"{""16"": 30}"
1,21,22,22,border_stone,20p,sav_009,Border Stone 5,17,0.00373,static,world_decor,"{""16"": 22}"
0,28,28,28,border_stone,20p,sav_009,Border Stone 6,18,0.004747,static,world_decor,"{""16"": 28}"
2,30,32,32,border_stone,20p,sav_009,Border Stone 7,19,0.005425,static,world_decor,"{""16"": 32}"
0,30,30,30,border_stone,20p,sav_009,Border Stone 8,20,0.005086,static,world_decor,"{""16"": 30}"
0,28,28,28,small_stone,20p,sav_009,Small Stone 1,21,0.004747,static,world_decor,"{""16"": 28}"
0,31,31,31,small_stone,20p,sav_009,Small Stone 2,22,0.005256,static,world_decor,"{""16"": 31}"
0,24,24,24,small_stone,20p,sav_009,Small Stone 3,23,0.004069,static,world_decor,"{""16"": 24}"
0,24,24,24,small_stone,20p,sav_009,Small Stone 4,24,0.004069,static,world_decor,"{""16"": 24}"
3,21,24,24,small_stone,20p,sav_009,Small Stone 5,25,0.004069,static,world_decor,"{""16"": 23, ""28"": 1}"
0,32,32,32,small_stone,20p,sav_009,Small Stone 6,26,0.005425,static,world_decor,"{""16"": 32}"
1,21,22,22,small_stone,20p,sav_009,Small Stone 7,27,0.00373,static,world_decor,"{""16"": 22}"
0,29,29,29,small_stone,20p,sav_009,Small Stone 8,28,0.004917,static,world_decor,"{""16"": 29}"
0,1,1,1,wreck,20p,sav_009,Wreck 1,29,0.00017,static,world_decor,"{""48"": 1}"
0,1,1,1,wreck,20p,sav_009,Wreck 3,31,0.00017,static,world_decor,"{""48"": 1}"
0,2,2,2,wreck,20p,sav_009,Wreck 4,32,0.000339,static,world_decor,"{""48"": 2}"
0,23,23,23,grave,20p,sav_009,Grave,34,0.003899,static,world_decor,"{""16"": 23}"
1,26,27,27,small_plant,20p,sav_009,Small Plant 1,35,0.004578,static,world_decor,"{""16"": 26, ""28"": 1}"
0,25,25,25,small_plant,20p,sav_009,Small Plant 2,36,0.004239,static,world_decor,"{""16"": 25}"
2,26,28,28,small_plant,20p,sav_009,Small Plant 3,37,0.004747,static,world_decor,"{""16"": 28}"
0,36,36,36,toadstool,20p,sav_009,Toadstool 1,38,0.006104,static,world_decor,"{""16"": 36}"
1,22,23,23,toadstool,20p,sav_009,Toadstool 2,39,0.003899,static,world_decor,"{""16"": 23}"
0,30,30,30,toadstool,20p,sav_009,Toadstool 3,40,0.005086,static,world_decor,"{""16"": 30}"
1,24,25,25,stump,20p,sav_009,Tree Stump 1,41,0.004239,static,world_decor,"{""16"": 25}"
1,13,14,14,stump,20p,sav_009,Tree Stump 2,42,0.002374,static,world_decor,"{""16"": 14}"
0,3,3,3,dead_tree,20p,sav_009,Dead Tree 1,43,0.000509,static,world_decor,"{""64"": 3}"
0,5,5,5,dead_tree,20p,sav_009,Dead Tree 2,44,0.000848,static,world_decor,"{""64"": 5}"
0,7,7,7,cactus,20p,sav_009,Cactus 1,45,0.001187,static,world_decor,"{""64"": 7}"
0,3,3,3,cactus,20p,sav_009,Cactus 2,46,0.000509,static,world_decor,"{""64"": 3}"
0,6,6,6,cactus,20p,sav_009,Cactus 3,47,0.001017,static,world_decor,"{""64"": 6}"
0,5,5,5,cactus,20p,sav_009,Cactus 4,48,0.000848,static,world_decor,"{""64"": 5}"
0,2,2,2,skeleton,20p,sav_009,Skeleton,49,0.000339,static,world_decor,"{""64"": 2}"
2,21,23,23,small_flower,20p,sav_009,Small Flower 1,50,0.003899,static,world_decor,"{""16"": 23}"
1,27,28,28,small_flower,20p,sav_009,Small Flower 2,51,0.004747,static,world_decor,"{""16"": 28}"
2,35,37,37,small_flower,20p,sav_009,Small Flower 3,52,0.006273,static,world_decor,"{""16"": 37}"
0,25,25,25,small_bush,20p,sav_009,Small Bush 1,53,0.004239,static,world_decor,"{""16"": 25}"
1,23,24,24,small_bush,20p,sav_009,Small Bush 2,54,0.004069,static,world_decor,"{""16"": 24}"
2,20,22,22,small_bush,20p,sav_009,Small Bush 3,55,0.00373,static,world_decor,"{""16"": 22}"
2,37,39,39,small_bush,20p,sav_009,Small Bush 4,56,0.006612,static,world_decor,"{""16"": 38, ""28"": 1}"
0,31,31,31,bush,20p,sav_009,Bush 1,57,0.005256,static,world_decor,"{""16"": 31}"
1,27,28,28,bush,20p,sav_009,Bush 2,58,0.004747,static,world_decor,"{""16"": 28}"
0,26,26,26,bush,20p,sav_009,Bush 3,59,0.004408,static,world_decor,"{""16"": 26}"
0,29,29,29,bush,20p,sav_009,Bush 4,60,0.004917,static,world_decor,"{""16"": 29}"
1,30,31,31,bush,20p,sav_009,Bush 5,61,0.005256,static,world_decor,"{""16"": 31}"
0,1,1,1,reed,20p,sav_009,Reed 1,62,0.00017,static,world_decor,"{""80"": 1}"
13,166,179,179,adult_tree,20p,sav_009,Birch 1,68,0.030348,static,world_decor,"{""16"": 179}"
11,167,178,178,adult_tree,20p,sav_009,Birch 2,69,0.030178,static,world_decor,"{""16"": 178}"
6,207,213,213,adult_tree,20p,sav_009,Elm 1,70,0.036112,static,world_decor,"{""16"": 212, ""24"": 1}"
1,236,237,237,adult_tree,20p,sav_009,Elm 2,71,0.040181,static,world_decor,"{""16"": 236, ""20"": 1}"
4,220,224,224,adult_tree,20p,sav_009,Oak,72,0.037977,static,world_decor,"{""16"": 222, ""20"": 1, ""24"": 1}"
1,176,177,177,adult_tree,20p,sav_009,Adult Tree 6,73,0.030009,static,world_decor,"{""16"": 174, ""20"": 2, ""24"": 1}"
4,170,174,174,adult_tree,20p,sav_009,Adult Tree 7,74,0.0295,static,world_decor,"{""16"": 174}"
1,157,158,158,adult_tree,20p,sav_009,Adult Tree 8,75,0.026788,static,world_decor,"{""16"": 158}"
7,201,208,208,adult_tree,20p,sav_009,Adult Tree 9,76,0.035265,static,world_decor,"{""16"": 208}"
3,188,191,191,adult_tree,20p,sav_009,Adult Tree 10,77,0.032383,static,world_decor,"{""16"": 191}"
0,9,9,9,palm,20p,sav_009,Palm 1,78,0.001526,static,world_decor,"{""64"": 9}"
0,14,14,14,palm,20p,sav_009,Palm 2,79,0.002374,static,world_decor,"{""64"": 14}"
10,343,353,353,adult_tree,20p,sav_009,Adult Tree 13,80,0.059848,static,world_decor,"{""16"": 353}"
7,317,324,324,adult_tree,20p,sav_009,Adult Tree 14,81,0.054932,static,world_decor,"{""16"": 324}"
4,129,133,133,building_stone,20p,sav_009,Building Stone 1,115,0.022549,static,world_decor,"{""16"": 133}"
3,115,118,118,building_stone,20p,sav_009,Building Stone 2,116,0.020006,static,world_decor,"{""16"": 118}"
1,132,133,133,building_stone,20p,sav_009,Building Stone 3,117,0.022549,static,world_decor,"{""16"": 133}"
4,124,128,128,building_stone,20p,sav_009,Building Stone 4,118,0.021701,static,world_decor,"{""16"": 128}"
4,120,124,124,building_stone,20p,sav_009,Building Stone 5,119,0.021023,static,world_decor,"{""16"": 124}"
4,126,130,130,building_stone,20p,sav_009,Building Stone 6,120,0.02204,static,world_decor,"{""16"": 130}"
6,124,130,130,building_stone,20p,sav_009,Building Stone 7,121,0.02204,static,world_decor,"{""16"": 130}"
5,113,118,118,building_stone,20p,sav_009,Building Stone 8,122,0.020006,static,world_decor,"{""16"": 118}"
1,125,126,126,building_stone,20p,sav_009,Building Stone 9,123,0.021362,static,world_decor,"{""16"": 126}"
2,114,116,116,building_stone,20p,sav_009,Building Stone 10,124,0.019667,static,world_decor,"{""16"": 116}"
3,114,117,117,building_stone,20p,sav_009,Building Stone 11,125,0.019836,static,world_decor,"{""16"": 117}"
1,132,133,133,building_stone,20p,sav_009,Building Stone 12,126,0.022549,static,world_decor,"{""16"": 132, ""17"": 1}"
0,18,18,18,building_stone,20p,sav_009,Building Stone 13,127,0.003052,static,world_decor,"{""16"": 18}"
1,25,26,26,big_stone,20p,sav_009,Big Stone 1,1,0.004408,runtime,world_decor,"{""16"": 26}"
1,25,26,26,big_stone,20p,sav_009,Big Stone 2,2,0.004408,runtime,world_decor,"{""16"": 26}"
2,31,33,33,big_stone,20p,sav_009,Big Stone 3,3,0.005595,runtime,world_decor,"{""16"": 33}"
0,32,32,32,big_stone,20p,sav_009,Big Stone 4,4,0.005425,runtime,world_decor,"{""16"": 32}"
0,31,31,31,big_stone,20p,sav_009,Big Stone 5,5,0.005256,runtime,world_decor,"{""16"": 31}"
1,30,31,31,big_stone,20p,sav_009,Big Stone 6,6,0.005256,runtime,world_decor,"{""16"": 31}"
1,27,28,28,big_stone,20p,sav_009,Big Stone 7,7,0.004747,runtime,world_decor,"{""16"": 28}"
0,34,34,34,big_stone,20p,sav_009,Big Stone 8,8,0.005764,runtime,world_decor,"{""16"": 34}"
0,34,34,34,decorative_stone,20p,sav_009,Decorative Stone 1,9,0.005764,runtime,world_decor,"{""16"": 34}"
1,32,33,33,decorative_stone,20p,sav_009,Decorative Stone 2,10,0.005595,runtime,world_decor,"{""16"": 33}"
0,30,30,30,decorative_stone,20p,sav_009,Decorative Stone 3,11,0.005086,runtime,world_decor,"{""16"": 30}"
1,32,33,33,decorative_stone,20p,sav_009,Decorative Stone 4,12,0.005595,runtime,world_decor,"{""16"": 33}"
0,21,21,21,border_stone,20p,sav_009,Border Stone 1,13,0.00356,runtime,world_decor,"{""16"": 21}"
0,30,30,30,border_stone,20p,sav_009,Border Stone 2,14,0.005086,runtime,world_decor,"{""16"": 30}"
1,27,28,28,border_stone,20p,sav_009,Border Stone 3,15,0.004747,runtime,world_decor,"{""16"": 28}"
0,30,30,30,border_stone,20p,sav_009,Border Stone 4,16,0.005086,runtime,world_decor,"{""16"": 30}"
1,21,22,22,border_stone,20p,sav_009,Border Stone 5,17,0.00373,runtime,world_decor,"{""16"": 22}"
0,28,28,28,border_stone,20p,sav_009,Border Stone 6,18,0.004747,runtime,world_decor,"{""16"": 28}"
2,30,32,32,border_stone,20p,sav_009,Border Stone 7,19,0.005425,runtime,world_decor,"{""16"": 32}"
0,30,30,30,border_stone,20p,sav_009,Border Stone 8,20,0.005086,runtime,world_decor,"{""16"": 30}"
0,28,28,28,small_stone,20p,sav_009,Small Stone 1,21,0.004747,runtime,world_decor,"{""16"": 28}"
0,30,30,30,small_stone,20p,sav_009,Small Stone 2,22,0.005086,runtime,world_decor,"{""16"": 30}"
0,24,24,24,small_stone,20p,sav_009,Small Stone 3,23,0.004069,runtime,world_decor,"{""16"": 24}"
0,24,24,24,small_stone,20p,sav_009,Small Stone 4,24,0.004069,runtime,world_decor,"{""16"": 24}"
2,21,23,23,small_stone,20p,sav_009,Small Stone 5,25,0.003899,runtime,world_decor,"{""16"": 23}"
0,32,32,32,small_stone,20p,sav_009,Small Stone 6,26,0.005425,runtime,world_decor,"{""16"": 32}"
1,21,22,22,small_stone,20p,sav_009,Small Stone 7,27,0.00373,runtime,world_decor,"{""16"": 22}"
0,29,29,29,small_stone,20p,sav_009,Small Stone 8,28,0.004917,runtime,world_decor,"{""16"": 29}"
0,1,1,1,wreck,20p,sav_009,Wreck 1,29,0.00017,runtime,world_decor,"{""48"": 1}"
0,1,1,1,wreck,20p,sav_009,Wreck 3,31,0.00017,runtime,world_decor,"{""48"": 1}"
0,2,2,2,wreck,20p,sav_009,Wreck 4,32,0.000339,runtime,world_decor,"{""48"": 2}"
0,23,23,23,grave,20p,sav_009,Grave,34,0.003899,runtime,world_decor,"{""16"": 23}"
1,26,27,27,small_plant,20p,sav_009,Small Plant 1,35,0.004578,runtime,world_decor,"{""16"": 26, ""28"": 1}"
0,25,25,25,small_plant,20p,sav_009,Small Plant 2,36,0.004239,runtime,world_decor,"{""16"": 25}"
2,26,28,28,small_plant,20p,sav_009,Small Plant 3,37,0.004747,runtime,world_decor,"{""16"": 28}"
0,36,36,36,toadstool,20p,sav_009,Toadstool 1,38,0.006104,runtime,world_decor,"{""16"": 36}"
1,22,23,23,toadstool,20p,sav_009,Toadstool 2,39,0.003899,runtime,world_decor,"{""16"": 23}"
0,30,30,30,toadstool,20p,sav_009,Toadstool 3,40,0.005086,runtime,world_decor,"{""16"": 30}"
1,24,25,25,stump,20p,sav_009,Tree Stump 1,41,0.004239,runtime,world_decor,"{""16"": 25}"
1,13,14,14,stump,20p,sav_009,Tree Stump 2,42,0.002374,runtime,world_decor,"{""16"": 14}"
0,3,3,3,dead_tree,20p,sav_009,Dead Tree 1,43,0.000509,runtime,world_decor,"{""64"": 3}"
0,5,5,5,dead_tree,20p,sav_009,Dead Tree 2,44,0.000848,runtime,world_decor,"{""64"": 5}"
0,7,7,7,cactus,20p,sav_009,Cactus 1,45,0.001187,runtime,world_decor,"{""64"": 7}"
0,3,3,3,cactus,20p,sav_009,Cactus 2,46,0.000509,runtime,world_decor,"{""64"": 3}"
0,6,6,6,cactus,20p,sav_009,Cactus 3,47,0.001017,runtime,world_decor,"{""64"": 6}"
0,5,5,5,cactus,20p,sav_009,Cactus 4,48,0.000848,runtime,world_decor,"{""64"": 5}"
0,2,2,2,skeleton,20p,sav_009,Skeleton,49,0.000339,runtime,world_decor,"{""64"": 2}"
2,21,23,23,small_flower,20p,sav_009,Small Flower 1,50,0.003899,runtime,world_decor,"{""16"": 23}"
1,27,28,28,small_flower,20p,sav_009,Small Flower 2,51,0.004747,runtime,world_decor,"{""16"": 28}"
2,35,37,37,small_flower,20p,sav_009,Small Flower 3,52,0.006273,runtime,world_decor,"{""16"": 37}"
0,25,25,25,small_bush,20p,sav_009,Small Bush 1,53,0.004239,runtime,world_decor,"{""16"": 25}"
1,23,24,24,small_bush,20p,sav_009,Small Bush 2,54,0.004069,runtime,world_decor,"{""16"": 24}"
2,20,22,22,small_bush,20p,sav_009,Small Bush 3,55,0.00373,runtime,world_decor,"{""16"": 22}"
1,37,38,38,small_bush,20p,sav_009,Small Bush 4,56,0.006443,runtime,world_decor,"{""16"": 38}"
0,31,31,31,bush,20p,sav_009,Bush 1,57,0.005256,runtime,world_decor,"{""16"": 31}"
1,27,28,28,bush,20p,sav_009,Bush 2,58,0.004747,runtime,world_decor,"{""16"": 28}"
0,25,25,25,bush,20p,sav_009,Bush 3,59,0.004239,runtime,world_decor,"{""16"": 25}"
0,29,29,29,bush,20p,sav_009,Bush 4,60,0.004917,runtime,world_decor,"{""16"": 29}"
1,29,30,30,bush,20p,sav_009,Bush 5,61,0.005086,runtime,world_decor,"{""16"": 30}"
0,1,1,1,reed,20p,sav_009,Reed 1,62,0.00017,runtime,world_decor,"{""80"": 1}"
13,166,179,179,adult_tree,20p,sav_009,Birch 1,68,0.030348,runtime,world_decor,"{""16"": 179}"
11,167,178,178,adult_tree,20p,sav_009,Birch 2,69,0.030178,runtime,world_decor,"{""16"": 178}"
6,207,213,213,adult_tree,20p,sav_009,Elm 1,70,0.036112,runtime,world_decor,"{""16"": 212, ""24"": 1}"
1,236,237,237,adult_tree,20p,sav_009,Elm 2,71,0.040181,runtime,world_decor,"{""16"": 236, ""20"": 1}"
4,220,224,224,adult_tree,20p,sav_009,Oak,72,0.037977,runtime,world_decor,"{""16"": 222, ""20"": 1, ""24"": 1}"
1,176,177,177,adult_tree,20p,sav_009,Adult Tree 6,73,0.030009,runtime,world_decor,"{""16"": 174, ""20"": 2, ""24"": 1}"
4,170,174,174,adult_tree,20p,sav_009,Adult Tree 7,74,0.0295,runtime,world_decor,"{""16"": 174}"
1,157,158,158,adult_tree,20p,sav_009,Adult Tree 8,75,0.026788,runtime,world_decor,"{""16"": 158}"
7,201,208,208,adult_tree,20p,sav_009,Adult Tree 9,76,0.035265,runtime,world_decor,"{""16"": 208}"
3,188,191,191,adult_tree,20p,sav_009,Adult Tree 10,77,0.032383,runtime,world_decor,"{""16"": 191}"
0,9,9,9,palm,20p,sav_009,Palm 1,78,0.001526,runtime,world_decor,"{""64"": 9}"
0,14,14,14,palm,20p,sav_009,Palm 2,79,0.002374,runtime,world_decor,"{""64"": 14}"
10,343,353,353,adult_tree,20p,sav_009,Adult Tree 13,80,0.059848,runtime,world_decor,"{""16"": 353}"
7,317,324,324,adult_tree,20p,sav_009,Adult Tree 14,81,0.054932,runtime,world_decor,"{""16"": 324}"
0,40,40,40,reef,20p,sav_009,Reef 2,112,0.006782,runtime,world_decor,"{""16"": 37, ""21"": 1, ""23"": 1, ""24"": 1}"
0,240,240,240,reef,20p,sav_009,Reef 3,113,0.04069,runtime,world_decor,"{""145"": 1, ""16"": 218, ""21"": 3, ""23"": 4, ""24"": 14}"
4,129,133,133,building_stone,20p,sav_009,Building Stone 1,115,0.022549,runtime,world_decor,"{""16"": 133}"
3,115,118,118,building_stone,20p,sav_009,Building Stone 2,116,0.020006,runtime,world_decor,"{""16"": 118}"
1,132,133,133,building_stone,20p,sav_009,Building Stone 3,117,0.022549,runtime,world_decor,"{""16"": 133}"
4,124,128,128,building_stone,20p,sav_009,Building Stone 4,118,0.021701,runtime,world_decor,"{""16"": 128}"
4,120,124,124,building_stone,20p,sav_009,Building Stone 5,119,0.021023,runtime,world_decor,"{""16"": 124}"
4,126,130,130,building_stone,20p,sav_009,Building Stone 6,120,0.02204,runtime,world_decor,"{""16"": 130}"
6,124,130,130,building_stone,20p,sav_009,Building Stone 7,121,0.02204,runtime,world_decor,"{""16"": 130}"
5,113,118,118,building_stone,20p,sav_009,Building Stone 8,122,0.020006,runtime,world_decor,"{""16"": 118}"
1,125,126,126,building_stone,20p,sav_009,Building Stone 9,123,0.021362,runtime,world_decor,"{""16"": 126}"
2,114,116,116,building_stone,20p,sav_009,Building Stone 10,124,0.019667,runtime,world_decor,"{""16"": 116}"
3,114,117,117,building_stone,20p,sav_009,Building Stone 11,125,0.019836,runtime,world_decor,"{""16"": 117}"
1,132,133,133,building_stone,20p,sav_009,Building Stone 12,126,0.022549,runtime,world_decor,"{""16"": 132, ""17"": 1}"
0,17,17,17,building_stone,20p,sav_009,Building Stone 13,127,0.002882,runtime,world_decor,"{""16"": 17}"
18,2,20,20,territory_marker,20p,sav_009,Red flag,255,0.003391,runtime,runtime_overlay,"{""23"": 1, ""28"": 19}"
2,24,26,26,big_stone,20p,sav_010,Big Stone 1,1,0.004408,static,world_decor,"{""16"": 26}"
2,33,35,35,big_stone,20p,sav_010,Big Stone 2,2,0.005934,static,world_decor,"{""16"": 35}"
1,25,26,26,big_stone,20p,sav_010,Big Stone 3,3,0.004408,static,world_decor,"{""16"": 26}"
2,25,27,27,big_stone,20p,sav_010,Big Stone 4,4,0.004578,static,world_decor,"{""16"": 27}"
0,26,26,26,big_stone,20p,sav_010,Big Stone 5,5,0.004408,static,world_decor,"{""16"": 26}"
0,33,33,33,big_stone,20p,sav_010,Big Stone 6,6,0.005595,static,world_decor,"{""16"": 33}"
0,26,26,26,big_stone,20p,sav_010,Big Stone 7,7,0.004408,static,world_decor,"{""16"": 26}"
0,33,33,33,big_stone,20p,sav_010,Big Stone 8,8,0.005595,static,world_decor,"{""16"": 33}"
0,30,30,30,decorative_stone,20p,sav_010,Decorative Stone 1,9,0.005086,static,world_decor,"{""16"": 30}"
2,27,29,29,decorative_stone,20p,sav_010,Decorative Stone 2,10,0.004917,static,world_decor,"{""16"": 28, ""28"": 1}"
1,28,29,29,decorative_stone,20p,sav_010,Decorative Stone 3,11,0.004917,static,world_decor,"{""16"": 29}"
2,34,36,36,decorative_stone,20p,sav_010,Decorative Stone 4,12,0.006104,static,world_decor,"{""16"": 36}"
0,26,26,26,border_stone,20p,sav_010,Border Stone 1,13,0.004408,static,world_decor,"{""16"": 26}"
1,31,32,32,border_stone,20p,sav_010,Border Stone 2,14,0.005425,static,world_decor,"{""16"": 32}"
3,28,31,31,border_stone,20p,sav_010,Border Stone 3,15,0.005256,static,world_decor,"{""16"": 31}"
0,37,37,37,border_stone,20p,sav_010,Border Stone 4,16,0.006273,static,world_decor,"{""16"": 37}"
0,20,20,20,border_stone,20p,sav_010,Border Stone 5,17,0.003391,static,world_decor,"{""16"": 20}"
0,24,24,24,border_stone,20p,sav_010,Border Stone 6,18,0.004069,static,world_decor,"{""16"": 24}"
2,19,21,21,border_stone,20p,sav_010,Border Stone 7,19,0.00356,static,world_decor,"{""16"": 21}"
1,28,29,29,border_stone,20p,sav_010,Border Stone 8,20,0.004917,static,world_decor,"{""16"": 29}"
0,34,34,34,small_stone,20p,sav_010,Small Stone 1,21,0.005764,static,world_decor,"{""16"": 34}"
1,33,34,34,small_stone,20p,sav_010,Small Stone 2,22,0.005764,static,world_decor,"{""16"": 34}"
1,29,30,30,small_stone,20p,sav_010,Small Stone 3,23,0.005086,static,world_decor,"{""16"": 30}"
0,38,38,38,small_stone,20p,sav_010,Small Stone 4,24,0.006443,static,world_decor,"{""16"": 38}"
1,27,28,28,small_stone,20p,sav_010,Small Stone 5,25,0.004747,static,world_decor,"{""16"": 28}"
2,21,23,23,small_stone,20p,sav_010,Small Stone 6,26,0.003899,static,world_decor,"{""16"": 22, ""28"": 1}"
0,23,23,23,small_stone,20p,sav_010,Small Stone 7,27,0.003899,static,world_decor,"{""16"": 23}"
0,32,32,32,small_stone,20p,sav_010,Small Stone 8,28,0.005425,static,world_decor,"{""16"": 32}"
0,4,4,4,wreck,20p,sav_010,Wreck 1,29,0.000678,static,world_decor,"{""48"": 4}"
0,1,1,1,wreck,20p,sav_010,Wreck 2,30,0.00017,static,world_decor,"{""48"": 1}"
0,3,3,3,wreck,20p,sav_010,Wreck 3,31,0.000509,static,world_decor,"{""48"": 3}"
0,1,1,1,wreck,20p,sav_010,Wreck 5,33,0.00017,static,world_decor,"{""48"": 1}"
3,41,44,44,grave,20p,sav_010,Grave,34,0.00746,static,world_decor,"{""16"": 44}"
0,27,27,27,small_plant,20p,sav_010,Small Plant 1,35,0.004578,static,world_decor,"{""16"": 27}"
0,39,39,39,small_plant,20p,sav_010,Small Plant 2,36,0.006612,static,world_decor,"{""16"": 39}"
0,27,27,27,small_plant,20p,sav_010,Small Plant 3,37,0.004578,static,world_decor,"{""16"": 27}"
0,32,32,32,toadstool,20p,sav_010,Toadstool 1,38,0.005425,static,world_decor,"{""16"": 32}"
3,27,30,30,toadstool,20p,sav_010,Toadstool 2,39,0.005086,static,world_decor,"{""16"": 30}"
1,24,25,25,toadstool,20p,sav_010,Toadstool 3,40,0.004239,static,world_decor,"{""16"": 25}"
1,26,27,27,stump,20p,sav_010,Tree Stump 1,41,0.004578,static,world_decor,"{""16"": 27}"
1,33,34,34,stump,20p,sav_010,Tree Stump 2,42,0.005764,static,world_decor,"{""16"": 34}"
0,1,1,1,dead_tree,20p,sav_010,Dead Tree 1,43,0.00017,static,world_decor,"{""64"": 1}"
0,4,4,4,cactus,20p,sav_010,Cactus 1,45,0.000678,static,world_decor,"{""64"": 4}"
0,2,2,2,cactus,20p,sav_010,Cactus 2,46,0.000339,static,world_decor,"{""64"": 2}"
0,2,2,2,cactus,20p,sav_010,Cactus 3,47,0.000339,static,world_decor,"{""64"": 2}"
1,5,6,6,cactus,20p,sav_010,Cactus 4,48,0.001017,static,world_decor,"{""64"": 6}"
0,3,3,3,skeleton,20p,sav_010,Skeleton,49,0.000509,static,world_decor,"{""64"": 3}"
0,31,31,31,small_flower,20p,sav_010,Small Flower 1,50,0.005256,static,world_decor,"{""16"": 31}"
1,35,36,36,small_flower,20p,sav_010,Small Flower 2,51,0.006104,static,world_decor,"{""16"": 36}"
0,24,24,24,small_flower,20p,sav_010,Small Flower 3,52,0.004069,static,world_decor,"{""16"": 24}"
1,31,32,32,small_bush,20p,sav_010,Small Bush 1,53,0.005425,static,world_decor,"{""16"": 32}"
0,22,22,22,small_bush,20p,sav_010,Small Bush 2,54,0.00373,static,world_decor,"{""16"": 22}"
0,28,28,28,small_bush,20p,sav_010,Small Bush 3,55,0.004747,static,world_decor,"{""16"": 28}"
1,29,30,30,small_bush,20p,sav_010,Small Bush 4,56,0.005086,static,world_decor,"{""16"": 30}"
0,37,37,37,bush,20p,sav_010,Bush 1,57,0.006273,static,world_decor,"{""16"": 37}"
1,19,20,20,bush,20p,sav_010,Bush 2,58,0.003391,static,world_decor,"{""16"": 20}"
0,30,30,30,bush,20p,sav_010,Bush 3,59,0.005086,static,world_decor,"{""16"": 30}"
2,30,32,32,bush,20p,sav_010,Bush 4,60,0.005425,static,world_decor,"{""16"": 32}"
0,21,21,21,bush,20p,sav_010,Bush 5,61,0.00356,static,world_decor,"{""16"": 21}"
0,1,1,1,reed,20p,sav_010,Reed 2,63,0.00017,static,world_decor,"{""80"": 1}"
1,163,164,164,adult_tree,20p,sav_010,Birch 1,68,0.027805,static,world_decor,"{""16"": 164}"
2,185,187,187,adult_tree,20p,sav_010,Birch 2,69,0.031704,static,world_decor,"{""16"": 187}"
4,212,216,216,adult_tree,20p,sav_010,Elm 1,70,0.036621,static,world_decor,"{""16"": 216}"
7,221,228,228,adult_tree,20p,sav_010,Elm 2,71,0.038656,static,world_decor,"{""16"": 228}"
8,168,176,176,adult_tree,20p,sav_010,Oak,72,0.029839,static,world_decor,"{""16"": 176}"
5,182,187,187,adult_tree,20p,sav_010,Adult Tree 6,73,0.031704,static,world_decor,"{""16"": 187}"
1,198,199,199,adult_tree,20p,sav_010,Adult Tree 7,74,0.033739,static,world_decor,"{""16"": 199}"
3,184,187,187,adult_tree,20p,sav_010,Adult Tree 8,75,0.031704,static,world_decor,"{""16"": 187}"
9,200,209,209,adult_tree,20p,sav_010,Adult Tree 9,76,0.035434,static,world_decor,"{""16"": 209}"
1,197,198,198,adult_tree,20p,sav_010,Adult Tree 10,77,0.033569,static,world_decor,"{""16"": 198}"
0,1,1,1,palm,20p,sav_010,Palm 1,78,0.00017,static,world_decor,"{""64"": 1}"
0,2,2,2,palm,20p,sav_010,Palm 2,79,0.000339,static,world_decor,"{""64"": 2}"
12,306,318,318,adult_tree,20p,sav_010,Adult Tree 13,80,0.053914,static,world_decor,"{""16"": 318}"
6,281,287,287,adult_tree,20p,sav_010,Adult Tree 14,81,0.048659,static,world_decor,"{""16"": 287}"
3,148,151,151,building_stone,20p,sav_010,Building Stone 1,115,0.025601,static,world_decor,"{""16"": 151}"
3,140,143,143,building_stone,20p,sav_010,Building Stone 2,116,0.024245,static,world_decor,"{""16"": 143}"
1,117,118,118,building_stone,20p,sav_010,Building Stone 3,117,0.020006,static,world_decor,"{""16"": 118}"
2,125,127,127,building_stone,20p,sav_010,Building Stone 4,118,0.021532,static,world_decor,"{""16"": 127}"
5,155,160,160,building_stone,20p,sav_010,Building Stone 5,119,0.027127,static,world_decor,"{""16"": 160}"
2,127,129,129,building_stone,20p,sav_010,Building Stone 6,120,0.021871,static,world_decor,"{""16"": 129}"
1,135,136,136,building_stone,20p,sav_010,Building Stone 7,121,0.023058,static,world_decor,"{""16"": 136}"
1,144,145,145,building_stone,20p,sav_010,Building Stone 8,122,0.024584,static,world_decor,"{""16"": 145}"
1,147,148,148,building_stone,20p,sav_010,Building Stone 9,123,0.025092,static,world_decor,"{""16"": 148}"
5,127,132,132,building_stone,20p,sav_010,Building Stone 10,124,0.02238,static,world_decor,"{""16"": 131, ""23"": 1}"
2,141,143,143,building_stone,20p,sav_010,Building Stone 11,125,0.024245,static,world_decor,"{""16"": 142, ""23"": 1}"
2,143,145,145,building_stone,20p,sav_010,Building Stone 12,126,0.024584,static,world_decor,"{""16"": 144, ""17"": 1}"
0,14,14,14,building_stone,20p,sav_010,Building Stone 13,127,0.002374,static,world_decor,"{""16"": 14}"
2,24,26,26,big_stone,20p,sav_010,Big Stone 1,1,0.004408,runtime,world_decor,"{""16"": 26}"
2,33,35,35,big_stone,20p,sav_010,Big Stone 2,2,0.005934,runtime,world_decor,"{""16"": 35}"
1,25,26,26,big_stone,20p,sav_010,Big Stone 3,3,0.004408,runtime,world_decor,"{""16"": 26}"
2,25,27,27,big_stone,20p,sav_010,Big Stone 4,4,0.004578,runtime,world_decor,"{""16"": 27}"
0,26,26,26,big_stone,20p,sav_010,Big Stone 5,5,0.004408,runtime,world_decor,"{""16"": 26}"
0,33,33,33,big_stone,20p,sav_010,Big Stone 6,6,0.005595,runtime,world_decor,"{""16"": 33}"
0,26,26,26,big_stone,20p,sav_010,Big Stone 7,7,0.004408,runtime,world_decor,"{""16"": 26}"
0,33,33,33,big_stone,20p,sav_010,Big Stone 8,8,0.005595,runtime,world_decor,"{""16"": 33}"
0,30,30,30,decorative_stone,20p,sav_010,Decorative Stone 1,9,0.005086,runtime,world_decor,"{""16"": 30}"
1,27,28,28,decorative_stone,20p,sav_010,Decorative Stone 2,10,0.004747,runtime,world_decor,"{""16"": 28}"
1,28,29,29,decorative_stone,20p,sav_010,Decorative Stone 3,11,0.004917,runtime,world_decor,"{""16"": 29}"
2,34,36,36,decorative_stone,20p,sav_010,Decorative Stone 4,12,0.006104,runtime,world_decor,"{""16"": 36}"
0,26,26,26,border_stone,20p,sav_010,Border Stone 1,13,0.004408,runtime,world_decor,"{""16"": 26}"
1,31,32,32,border_stone,20p,sav_010,Border Stone 2,14,0.005425,runtime,world_decor,"{""16"": 32}"
3,28,31,31,border_stone,20p,sav_010,Border Stone 3,15,0.005256,runtime,world_decor,"{""16"": 31}"
0,37,37,37,border_stone,20p,sav_010,Border Stone 4,16,0.006273,runtime,world_decor,"{""16"": 37}"
0,20,20,20,border_stone,20p,sav_010,Border Stone 5,17,0.003391,runtime,world_decor,"{""16"": 20}"
0,24,24,24,border_stone,20p,sav_010,Border Stone 6,18,0.004069,runtime,world_decor,"{""16"": 24}"
2,19,21,21,border_stone,20p,sav_010,Border Stone 7,19,0.00356,runtime,world_decor,"{""16"": 21}"
1,28,29,29,border_stone,20p,sav_010,Border Stone 8,20,0.004917,runtime,world_decor,"{""16"": 29}"
0,34,34,34,small_stone,20p,sav_010,Small Stone 1,21,0.005764,runtime,world_decor,"{""16"": 34}"
1,33,34,34,small_stone,20p,sav_010,Small Stone 2,22,0.005764,runtime,world_decor,"{""16"": 34}"
1,29,30,30,small_stone,20p,sav_010,Small Stone 3,23,0.005086,runtime,world_decor,"{""16"": 30}"
0,38,38,38,small_stone,20p,sav_010,Small Stone 4,24,0.006443,runtime,world_decor,"{""16"": 38}"
1,27,28,28,small_stone,20p,sav_010,Small Stone 5,25,0.004747,runtime,world_decor,"{""16"": 28}"
2,21,23,23,small_stone,20p,sav_010,Small Stone 6,26,0.003899,runtime,world_decor,"{""16"": 22, ""28"": 1}"
0,23,23,23,small_stone,20p,sav_010,Small Stone 7,27,0.003899,runtime,world_decor,"{""16"": 23}"
0,32,32,32,small_stone,20p,sav_010,Small Stone 8,28,0.005425,runtime,world_decor,"{""16"": 32}"
0,4,4,4,wreck,20p,sav_010,Wreck 1,29,0.000678,runtime,world_decor,"{""48"": 4}"
0,1,1,1,wreck,20p,sav_010,Wreck 2,30,0.00017,runtime,world_decor,"{""48"": 1}"
0,3,3,3,wreck,20p,sav_010,Wreck 3,31,0.000509,runtime,world_decor,"{""48"": 3}"
0,1,1,1,wreck,20p,sav_010,Wreck 5,33,0.00017,runtime,world_decor,"{""48"": 1}"
3,41,44,44,grave,20p,sav_010,Grave,34,0.00746,runtime,world_decor,"{""16"": 44}"
0,27,27,27,small_plant,20p,sav_010,Small Plant 1,35,0.004578,runtime,world_decor,"{""16"": 27}"
0,39,39,39,small_plant,20p,sav_010,Small Plant 2,36,0.006612,runtime,world_decor,"{""16"": 39}"
0,27,27,27,small_plant,20p,sav_010,Small Plant 3,37,0.004578,runtime,world_decor,"{""16"": 27}"
0,32,32,32,toadstool,20p,sav_010,Toadstool 1,38,0.005425,runtime,world_decor,"{""16"": 32}"
3,27,30,30,toadstool,20p,sav_010,Toadstool 2,39,0.005086,runtime,world_decor,"{""16"": 30}"
1,24,25,25,toadstool,20p,sav_010,Toadstool 3,40,0.004239,runtime,world_decor,"{""16"": 25}"
1,26,27,27,stump,20p,sav_010,Tree Stump 1,41,0.004578,runtime,world_decor,"{""16"": 27}"
1,33,34,34,stump,20p,sav_010,Tree Stump 2,42,0.005764,runtime,world_decor,"{""16"": 34}"
0,1,1,1,dead_tree,20p,sav_010,Dead Tree 1,43,0.00017,runtime,world_decor,"{""64"": 1}"
0,4,4,4,cactus,20p,sav_010,Cactus 1,45,0.000678,runtime,world_decor,"{""64"": 4}"
0,2,2,2,cactus,20p,sav_010,Cactus 2,46,0.000339,runtime,world_decor,"{""64"": 2}"
0,2,2,2,cactus,20p,sav_010,Cactus 3,47,0.000339,runtime,world_decor,"{""64"": 2}"
1,5,6,6,cactus,20p,sav_010,Cactus 4,48,0.001017,runtime,world_decor,"{""64"": 6}"
0,3,3,3,skeleton,20p,sav_010,Skeleton,49,0.000509,runtime,world_decor,"{""64"": 3}"
0,31,31,31,small_flower,20p,sav_010,Small Flower 1,50,0.005256,runtime,world_decor,"{""16"": 31}"
1,35,36,36,small_flower,20p,sav_010,Small Flower 2,51,0.006104,runtime,world_decor,"{""16"": 36}"
0,24,24,24,small_flower,20p,sav_010,Small Flower 3,52,0.004069,runtime,world_decor,"{""16"": 24}"
1,31,32,32,small_bush,20p,sav_010,Small Bush 1,53,0.005425,runtime,world_decor,"{""16"": 32}"
0,22,22,22,small_bush,20p,sav_010,Small Bush 2,54,0.00373,runtime,world_decor,"{""16"": 22}"
0,28,28,28,small_bush,20p,sav_010,Small Bush 3,55,0.004747,runtime,world_decor,"{""16"": 28}"
1,29,30,30,small_bush,20p,sav_010,Small Bush 4,56,0.005086,runtime,world_decor,"{""16"": 30}"
0,37,37,37,bush,20p,sav_010,Bush 1,57,0.006273,runtime,world_decor,"{""16"": 37}"
1,19,20,20,bush,20p,sav_010,Bush 2,58,0.003391,runtime,world_decor,"{""16"": 20}"
0,30,30,30,bush,20p,sav_010,Bush 3,59,0.005086,runtime,world_decor,"{""16"": 30}"
2,30,32,32,bush,20p,sav_010,Bush 4,60,0.005425,runtime,world_decor,"{""16"": 32}"
0,21,21,21,bush,20p,sav_010,Bush 5,61,0.00356,runtime,world_decor,"{""16"": 21}"
0,1,1,1,reed,20p,sav_010,Reed 2,63,0.00017,runtime,world_decor,"{""80"": 1}"
1,163,164,164,adult_tree,20p,sav_010,Birch 1,68,0.027805,runtime,world_decor,"{""16"": 164}"
2,185,187,187,adult_tree,20p,sav_010,Birch 2,69,0.031704,runtime,world_decor,"{""16"": 187}"
4,212,216,216,adult_tree,20p,sav_010,Elm 1,70,0.036621,runtime,world_decor,"{""16"": 216}"
7,221,228,228,adult_tree,20p,sav_010,Elm 2,71,0.038656,runtime,world_decor,"{""16"": 228}"
8,168,176,176,adult_tree,20p,sav_010,Oak,72,0.029839,runtime,world_decor,"{""16"": 176}"
5,182,187,187,adult_tree,20p,sav_010,Adult Tree 6,73,0.031704,runtime,world_decor,"{""16"": 187}"
1,198,199,199,adult_tree,20p,sav_010,Adult Tree 7,74,0.033739,runtime,world_decor,"{""16"": 199}"
3,184,187,187,adult_tree,20p,sav_010,Adult Tree 8,75,0.031704,runtime,world_decor,"{""16"": 187}"
9,200,209,209,adult_tree,20p,sav_010,Adult Tree 9,76,0.035434,runtime,world_decor,"{""16"": 209}"
1,197,198,198,adult_tree,20p,sav_010,Adult Tree 10,77,0.033569,runtime,world_decor,"{""16"": 198}"
0,1,1,1,palm,20p,sav_010,Palm 1,78,0.00017,runtime,world_decor,"{""64"": 1}"
0,2,2,2,palm,20p,sav_010,Palm 2,79,0.000339,runtime,world_decor,"{""64"": 2}"
12,306,318,318,adult_tree,20p,sav_010,Adult Tree 13,80,0.053914,runtime,world_decor,"{""16"": 318}"
6,281,287,287,adult_tree,20p,sav_010,Adult Tree 14,81,0.048659,runtime,world_decor,"{""16"": 287}"
0,38,38,38,reef,20p,sav_010,Reef 2,112,0.006443,runtime,world_decor,"{""16"": 31, ""24"": 7}"
0,228,228,228,reef,20p,sav_010,Reef 3,113,0.038656,runtime,world_decor,"{""16"": 194, ""21"": 1, ""24"": 33}"
3,148,151,151,building_stone,20p,sav_010,Building Stone 1,115,0.025601,runtime,world_decor,"{""16"": 151}"
3,140,143,143,building_stone,20p,sav_010,Building Stone 2,116,0.024245,runtime,world_decor,"{""16"": 143}"
1,117,118,118,building_stone,20p,sav_010,Building Stone 3,117,0.020006,runtime,world_decor,"{""16"": 118}"
2,125,127,127,building_stone,20p,sav_010,Building Stone 4,118,0.021532,runtime,world_decor,"{""16"": 127}"
5,155,160,160,building_stone,20p,sav_010,Building Stone 5,119,0.027127,runtime,world_decor,"{""16"": 160}"
2,127,129,129,building_stone,20p,sav_010,Building Stone 6,120,0.021871,runtime,world_decor,"{""16"": 129}"
1,135,136,136,building_stone,20p,sav_010,Building Stone 7,121,0.023058,runtime,world_decor,"{""16"": 136}"
1,144,145,145,building_stone,20p,sav_010,Building Stone 8,122,0.024584,runtime,world_decor,"{""16"": 145}"
1,147,148,148,building_stone,20p,sav_010,Building Stone 9,123,0.025092,runtime,world_decor,"{""16"": 148}"
5,127,132,132,building_stone,20p,sav_010,Building Stone 10,124,0.02238,runtime,world_decor,"{""16"": 131, ""23"": 1}"
2,141,143,143,building_stone,20p,sav_010,Building Stone 11,125,0.024245,runtime,world_decor,"{""16"": 142, ""23"": 1}"
2,143,145,145,building_stone,20p,sav_010,Building Stone 12,126,0.024584,runtime,world_decor,"{""16"": 144, ""17"": 1}"
0,14,14,14,building_stone,20p,sav_010,Building Stone 13,127,0.002374,runtime,world_decor,"{""16"": 14}"
19,1,20,20,territory_marker,20p,sav_010,Red flag,255,0.003391,runtime,runtime_overlay,"{""17"": 1, ""28"": 19}"
0,28,28,28,big_stone,20p,sav_011,Big Stone 1,1,0.004747,static,world_decor,"{""16"": 28}"
0,31,31,31,big_stone,20p,sav_011,Big Stone 2,2,0.005256,static,world_decor,"{""16"": 31}"
0,27,27,27,big_stone,20p,sav_011,Big Stone 3,3,0.004578,static,world_decor,"{""16"": 27}"
1,30,31,31,big_stone,20p,sav_011,Big Stone 4,4,0.005256,static,world_decor,"{""16"": 31}"
1,25,26,26,big_stone,20p,sav_011,Big Stone 5,5,0.004408,static,world_decor,"{""16"": 26}"
0,27,27,27,big_stone,20p,sav_011,Big Stone 6,6,0.004578,static,world_decor,"{""16"": 27}"
0,27,27,27,big_stone,20p,sav_011,Big Stone 7,7,0.004578,static,world_decor,"{""16"": 27}"
3,24,27,27,big_stone,20p,sav_011,Big Stone 8,8,0.004578,static,world_decor,"{""16"": 26, ""28"": 1}"
1,24,25,25,decorative_stone,20p,sav_011,Decorative Stone 1,9,0.004239,static,world_decor,"{""16"": 25}"
1,32,33,33,decorative_stone,20p,sav_011,Decorative Stone 2,10,0.005595,static,world_decor,"{""16"": 33}"
0,32,32,32,decorative_stone,20p,sav_011,Decorative Stone 3,11,0.005425,static,world_decor,"{""16"": 32}"
1,27,28,28,decorative_stone,20p,sav_011,Decorative Stone 4,12,0.004747,static,world_decor,"{""16"": 28}"
0,31,31,31,border_stone,20p,sav_011,Border Stone 1,13,0.005256,static,world_decor,"{""16"": 31}"
2,25,27,27,border_stone,20p,sav_011,Border Stone 2,14,0.004578,static,world_decor,"{""16"": 27}"
0,22,22,22,border_stone,20p,sav_011,Border Stone 3,15,0.00373,static,world_decor,"{""16"": 22}"
0,29,29,29,border_stone,20p,sav_011,Border Stone 4,16,0.004917,static,world_decor,"{""16"": 29}"
2,21,23,23,border_stone,20p,sav_011,Border Stone 5,17,0.003899,static,world_decor,"{""16"": 23}"
2,33,35,35,border_stone,20p,sav_011,Border Stone 6,18,0.005934,static,world_decor,"{""16"": 35}"
3,27,30,30,border_stone,20p,sav_011,Border Stone 7,19,0.005086,static,world_decor,"{""16"": 30}"
0,16,16,16,border_stone,20p,sav_011,Border Stone 8,20,0.002713,static,world_decor,"{""16"": 16}"
1,29,30,30,small_stone,20p,sav_011,Small Stone 1,21,0.005086,static,world_decor,"{""16"": 29, ""28"": 1}"
2,29,31,31,small_stone,20p,sav_011,Small Stone 2,22,0.005256,static,world_decor,"{""16"": 31}"
0,28,28,28,small_stone,20p,sav_011,Small Stone 3,23,0.004747,static,world_decor,"{""16"": 28}"
0,28,28,28,small_stone,20p,sav_011,Small Stone 4,24,0.004747,static,world_decor,"{""16"": 28}"
3,31,34,34,small_stone,20p,sav_011,Small Stone 5,25,0.005764,static,world_decor,"{""16"": 33, ""28"": 1}"
1,29,30,30,small_stone,20p,sav_011,Small Stone 6,26,0.005086,static,world_decor,"{""16"": 30}"
0,30,30,30,small_stone,20p,sav_011,Small Stone 7,27,0.005086,static,world_decor,"{""16"": 30}"
0,23,23,23,small_stone,20p,sav_011,Small Stone 8,28,0.003899,static,world_decor,"{""16"": 23}"
0,3,3,3,wreck,20p,sav_011,Wreck 1,29,0.000509,static,world_decor,"{""48"": 3}"
0,2,2,2,wreck,20p,sav_011,Wreck 2,30,0.000339,static,world_decor,"{""48"": 2}"
0,2,2,2,wreck,20p,sav_011,Wreck 3,31,0.000339,static,world_decor,"{""48"": 2}"
1,2,3,3,wreck,20p,sav_011,Wreck 4,32,0.000509,static,world_decor,"{""48"": 3}"
0,34,34,34,grave,20p,sav_011,Grave,34,0.005764,static,world_decor,"{""16"": 34}"
0,30,30,30,small_plant,20p,sav_011,Small Plant 1,35,0.005086,static,world_decor,"{""16"": 30}"
0,26,26,26,small_plant,20p,sav_011,Small Plant 2,36,0.004408,static,world_decor,"{""16"": 26}"
0,20,20,20,small_plant,20p,sav_011,Small Plant 3,37,0.003391,static,world_decor,"{""16"": 20}"
0,23,23,23,toadstool,20p,sav_011,Toadstool 1,38,0.003899,static,world_decor,"{""16"": 23}"
0,23,23,23,toadstool,20p,sav_011,Toadstool 2,39,0.003899,static,world_decor,"{""16"": 23}"
2,28,30,30,toadstool,20p,sav_011,Toadstool 3,40,0.005086,static,world_decor,"{""16"": 30}"
1,23,24,24,stump,20p,sav_011,Tree Stump 1,41,0.004069,static,world_decor,"{""16"": 24}"
1,33,34,34,stump,20p,sav_011,Tree Stump 2,42,0.005764,static,world_decor,"{""16"": 34}"
0,4,4,4,dead_tree,20p,sav_011,Dead Tree 1,43,0.000678,static,world_decor,"{""64"": 4}"
0,4,4,4,dead_tree,20p,sav_011,Dead Tree 2,44,0.000678,static,world_decor,"{""64"": 4}"
0,5,5,5,cactus,20p,sav_011,Cactus 1,45,0.000848,static,world_decor,"{""64"": 5}"
0,3,3,3,cactus,20p,sav_011,Cactus 2,46,0.000509,static,world_decor,"{""64"": 3}"
0,1,1,1,cactus,20p,sav_011,Cactus 3,47,0.00017,static,world_decor,"{""64"": 1}"
0,6,6,6,cactus,20p,sav_011,Cactus 4,48,0.001017,static,world_decor,"{""64"": 6}"
0,1,1,1,skeleton,20p,sav_011,Skeleton,49,0.00017,static,world_decor,"{""64"": 1}"
1,25,26,26,small_flower,20p,sav_011,Small Flower 1,50,0.004408,static,world_decor,"{""16"": 26}"
1,27,28,28,small_flower,20p,sav_011,Small Flower 2,51,0.004747,static,world_decor,"{""16"": 28}"
2,28,30,30,small_flower,20p,sav_011,Small Flower 3,52,0.005086,static,world_decor,"{""16"": 30}"
2,23,25,25,small_bush,20p,sav_011,Small Bush 1,53,0.004239,static,world_decor,"{""16"": 25}"
0,28,28,28,small_bush,20p,sav_011,Small Bush 2,54,0.004747,static,world_decor,"{""16"": 28}"
2,33,35,35,small_bush,20p,sav_011,Small Bush 3,55,0.005934,static,world_decor,"{""16"": 35}"
1,23,24,24,small_bush,20p,sav_011,Small Bush 4,56,0.004069,static,world_decor,"{""16"": 24}"
1,23,24,24,bush,20p,sav_011,Bush 1,57,0.004069,static,world_decor,"{""16"": 23, ""28"": 1}"
1,32,33,33,bush,20p,sav_011,Bush 2,58,0.005595,static,world_decor,"{""16"": 33}"
0,25,25,25,bush,20p,sav_011,Bush 3,59,0.004239,static,world_decor,"{""16"": 25}"
3,22,25,25,bush,20p,sav_011,Bush 4,60,0.004239,static,world_decor,"{""16"": 25}"
1,22,23,23,bush,20p,sav_011,Bush 5,61,0.003899,static,world_decor,"{""16"": 23}"
9,206,215,215,adult_tree,20p,sav_011,Birch 1,68,0.036452,static,world_decor,"{""16"": 212, ""24"": 3}"
7,168,175,175,adult_tree,20p,sav_011,Birch 2,69,0.02967,static,world_decor,"{""16"": 175}"
3,180,183,183,adult_tree,20p,sav_011,Elm 1,70,0.031026,static,world_decor,"{""16"": 181, ""17"": 1, ""24"": 1}"
7,199,206,206,adult_tree,20p,sav_011,Elm 2,71,0.034926,static,world_decor,"{""16"": 205, ""24"": 1}"
3,223,226,226,adult_tree,20p,sav_011,Oak,72,0.038317,static,world_decor,"{""16"": 224, ""17"": 2}"
2,206,208,208,adult_tree,20p,sav_011,Adult Tree 6,73,0.035265,static,world_decor,"{""16"": 208}"
0,184,184,184,adult_tree,20p,sav_011,Adult Tree 7,74,0.031196,static,world_decor,"{""16"": 184}"
3,163,166,166,adult_tree,20p,sav_011,Adult Tree 8,75,0.028144,static,world_decor,"{""16"": 166}"
6,215,221,221,adult_tree,20p,sav_011,Adult Tree 9,76,0.037469,static,world_decor,"{""16"": 221}"
11,158,169,169,adult_tree,20p,sav_011,Adult Tree 10,77,0.028653,static,world_decor,"{""16"": 169}"
0,1,1,1,palm,20p,sav_011,Palm 1,78,0.00017,static,world_decor,"{""64"": 1}"
0,5,5,5,palm,20p,sav_011,Palm 2,79,0.000848,static,world_decor,"{""64"": 5}"
9,326,335,335,adult_tree,20p,sav_011,Adult Tree 13,80,0.056797,static,world_decor,"{""16"": 335}"
9,283,292,292,adult_tree,20p,sav_011,Adult Tree 14,81,0.049506,static,world_decor,"{""16"": 292}"
1,120,121,121,building_stone,20p,sav_011,Building Stone 1,115,0.020515,static,world_decor,"{""16"": 121}"
3,114,117,117,building_stone,20p,sav_011,Building Stone 2,116,0.019836,static,world_decor,"{""16"": 117}"
1,134,135,135,building_stone,20p,sav_011,Building Stone 3,117,0.022888,static,world_decor,"{""16"": 135}"
4,111,115,115,building_stone,20p,sav_011,Building Stone 4,118,0.019497,static,world_decor,"{""16"": 115}"
3,128,131,131,building_stone,20p,sav_011,Building Stone 5,119,0.02221,static,world_decor,"{""16"": 131}"
3,120,123,123,building_stone,20p,sav_011,Building Stone 6,120,0.020854,static,world_decor,"{""16"": 123}"
0,134,134,134,building_stone,20p,sav_011,Building Stone 7,121,0.022719,static,world_decor,"{""16"": 134}"
3,125,128,128,building_stone,20p,sav_011,Building Stone 8,122,0.021701,static,world_decor,"{""16"": 128}"
4,110,114,114,building_stone,20p,sav_011,Building Stone 9,123,0.019328,static,world_decor,"{""16"": 113, ""20"": 1}"
0,115,115,115,building_stone,20p,sav_011,Building Stone 10,124,0.019497,static,world_decor,"{""16"": 114, ""24"": 1}"
3,122,125,125,building_stone,20p,sav_011,Building Stone 11,125,0.021193,static,world_decor,"{""16"": 124, ""24"": 1}"
3,110,113,113,building_stone,20p,sav_011,Building Stone 12,126,0.019158,static,world_decor,"{""16"": 113}"
0,19,19,19,building_stone,20p,sav_011,Building Stone 13,127,0.003221,static,world_decor,"{""16"": 19}"
0,28,28,28,big_stone,20p,sav_011,Big Stone 1,1,0.004747,runtime,world_decor,"{""16"": 28}"
0,31,31,31,big_stone,20p,sav_011,Big Stone 2,2,0.005256,runtime,world_decor,"{""16"": 31}"
0,27,27,27,big_stone,20p,sav_011,Big Stone 3,3,0.004578,runtime,world_decor,"{""16"": 27}"
1,30,31,31,big_stone,20p,sav_011,Big Stone 4,4,0.005256,runtime,world_decor,"{""16"": 31}"
1,25,26,26,big_stone,20p,sav_011,Big Stone 5,5,0.004408,runtime,world_decor,"{""16"": 26}"
0,27,27,27,big_stone,20p,sav_011,Big Stone 6,6,0.004578,runtime,world_decor,"{""16"": 27}"
0,27,27,27,big_stone,20p,sav_011,Big Stone 7,7,0.004578,runtime,world_decor,"{""16"": 27}"
2,24,26,26,big_stone,20p,sav_011,Big Stone 8,8,0.004408,runtime,world_decor,"{""16"": 26}"
1,24,25,25,decorative_stone,20p,sav_011,Decorative Stone 1,9,0.004239,runtime,world_decor,"{""16"": 25}"
1,32,33,33,decorative_stone,20p,sav_011,Decorative Stone 2,10,0.005595,runtime,world_decor,"{""16"": 33}"
0,32,32,32,decorative_stone,20p,sav_011,Decorative Stone 3,11,0.005425,runtime,world_decor,"{""16"": 32}"
1,27,28,28,decorative_stone,20p,sav_011,Decorative Stone 4,12,0.004747,runtime,world_decor,"{""16"": 28}"
0,31,31,31,border_stone,20p,sav_011,Border Stone 1,13,0.005256,runtime,world_decor,"{""16"": 31}"
2,25,27,27,border_stone,20p,sav_011,Border Stone 2,14,0.004578,runtime,world_decor,"{""16"": 27}"
0,22,22,22,border_stone,20p,sav_011,Border Stone 3,15,0.00373,runtime,world_decor,"{""16"": 22}"
0,29,29,29,border_stone,20p,sav_011,Border Stone 4,16,0.004917,runtime,world_decor,"{""16"": 29}"
2,21,23,23,border_stone,20p,sav_011,Border Stone 5,17,0.003899,runtime,world_decor,"{""16"": 23}"
2,33,35,35,border_stone,20p,sav_011,Border Stone 6,18,0.005934,runtime,world_decor,"{""16"": 35}"
3,27,30,30,border_stone,20p,sav_011,Border Stone 7,19,0.005086,runtime,world_decor,"{""16"": 30}"
0,16,16,16,border_stone,20p,sav_011,Border Stone 8,20,0.002713,runtime,world_decor,"{""16"": 16}"
0,29,29,29,small_stone,20p,sav_011,Small Stone 1,21,0.004917,runtime,world_decor,"{""16"": 29}"
2,29,31,31,small_stone,20p,sav_011,Small Stone 2,22,0.005256,runtime,world_decor,"{""16"": 31}"
0,27,27,27,small_stone,20p,sav_011,Small Stone 3,23,0.004578,runtime,world_decor,"{""16"": 27}"
0,28,28,28,small_stone,20p,sav_011,Small Stone 4,24,0.004747,runtime,world_decor,"{""16"": 28}"
3,31,34,34,small_stone,20p,sav_011,Small Stone 5,25,0.005764,runtime,world_decor,"{""16"": 33, ""28"": 1}"
1,29,30,30,small_stone,20p,sav_011,Small Stone 6,26,0.005086,runtime,world_decor,"{""16"": 30}"
0,30,30,30,small_stone,20p,sav_011,Small Stone 7,27,0.005086,runtime,world_decor,"{""16"": 30}"
0,23,23,23,small_stone,20p,sav_011,Small Stone 8,28,0.003899,runtime,world_decor,"{""16"": 23}"
0,3,3,3,wreck,20p,sav_011,Wreck 1,29,0.000509,runtime,world_decor,"{""48"": 3}"
0,2,2,2,wreck,20p,sav_011,Wreck 2,30,0.000339,runtime,world_decor,"{""48"": 2}"
0,2,2,2,wreck,20p,sav_011,Wreck 3,31,0.000339,runtime,world_decor,"{""48"": 2}"
1,2,3,3,wreck,20p,sav_011,Wreck 4,32,0.000509,runtime,world_decor,"{""48"": 3}"
0,34,34,34,grave,20p,sav_011,Grave,34,0.005764,runtime,world_decor,"{""16"": 34}"
0,30,30,30,small_plant,20p,sav_011,Small Plant 1,35,0.005086,runtime,world_decor,"{""16"": 30}"
0,26,26,26,small_plant,20p,sav_011,Small Plant 2,36,0.004408,runtime,world_decor,"{""16"": 26}"
0,20,20,20,small_plant,20p,sav_011,Small Plant 3,37,0.003391,runtime,world_decor,"{""16"": 20}"
0,23,23,23,toadstool,20p,sav_011,Toadstool 1,38,0.003899,runtime,world_decor,"{""16"": 23}"
0,23,23,23,toadstool,20p,sav_011,Toadstool 2,39,0.003899,runtime,world_decor,"{""16"": 23}"
2,28,30,30,toadstool,20p,sav_011,Toadstool 3,40,0.005086,runtime,world_decor,"{""16"": 30}"
1,23,24,24,stump,20p,sav_011,Tree Stump 1,41,0.004069,runtime,world_decor,"{""16"": 24}"
1,33,34,34,stump,20p,sav_011,Tree Stump 2,42,0.005764,runtime,world_decor,"{""16"": 34}"
0,4,4,4,dead_tree,20p,sav_011,Dead Tree 1,43,0.000678,runtime,world_decor,"{""64"": 4}"
0,4,4,4,dead_tree,20p,sav_011,Dead Tree 2,44,0.000678,runtime,world_decor,"{""64"": 4}"
0,5,5,5,cactus,20p,sav_011,Cactus 1,45,0.000848,runtime,world_decor,"{""64"": 5}"
0,3,3,3,cactus,20p,sav_011,Cactus 2,46,0.000509,runtime,world_decor,"{""64"": 3}"
0,1,1,1,cactus,20p,sav_011,Cactus 3,47,0.00017,runtime,world_decor,"{""64"": 1}"
0,6,6,6,cactus,20p,sav_011,Cactus 4,48,0.001017,runtime,world_decor,"{""64"": 6}"
0,1,1,1,skeleton,20p,sav_011,Skeleton,49,0.00017,runtime,world_decor,"{""64"": 1}"
1,25,26,26,small_flower,20p,sav_011,Small Flower 1,50,0.004408,runtime,world_decor,"{""16"": 26}"
1,27,28,28,small_flower,20p,sav_011,Small Flower 2,51,0.004747,runtime,world_decor,"{""16"": 28}"
2,28,30,30,small_flower,20p,sav_011,Small Flower 3,52,0.005086,runtime,world_decor,"{""16"": 30}"
2,23,25,25,small_bush,20p,sav_011,Small Bush 1,53,0.004239,runtime,world_decor,"{""16"": 25}"
0,28,28,28,small_bush,20p,sav_011,Small Bush 2,54,0.004747,runtime,world_decor,"{""16"": 28}"
2,33,35,35,small_bush,20p,sav_011,Small Bush 3,55,0.005934,runtime,world_decor,"{""16"": 35}"
1,23,24,24,small_bush,20p,sav_011,Small Bush 4,56,0.004069,runtime,world_decor,"{""16"": 24}"
1,23,24,24,bush,20p,sav_011,Bush 1,57,0.004069,runtime,world_decor,"{""16"": 23, ""28"": 1}"
1,32,33,33,bush,20p,sav_011,Bush 2,58,0.005595,runtime,world_decor,"{""16"": 33}"
0,25,25,25,bush,20p,sav_011,Bush 3,59,0.004239,runtime,world_decor,"{""16"": 25}"
3,22,25,25,bush,20p,sav_011,Bush 4,60,0.004239,runtime,world_decor,"{""16"": 25}"
1,22,23,23,bush,20p,sav_011,Bush 5,61,0.003899,runtime,world_decor,"{""16"": 23}"
9,206,215,215,adult_tree,20p,sav_011,Birch 1,68,0.036452,runtime,world_decor,"{""16"": 212, ""24"": 3}"
7,168,175,175,adult_tree,20p,sav_011,Birch 2,69,0.02967,runtime,world_decor,"{""16"": 175}"
3,180,183,183,adult_tree,20p,sav_011,Elm 1,70,0.031026,runtime,world_decor,"{""16"": 181, ""17"": 1, ""24"": 1}"
7,199,206,206,adult_tree,20p,sav_011,Elm 2,71,0.034926,runtime,world_decor,"{""16"": 205, ""24"": 1}"
3,223,226,226,adult_tree,20p,sav_011,Oak,72,0.038317,runtime,world_decor,"{""16"": 224, ""17"": 2}"
2,206,208,208,adult_tree,20p,sav_011,Adult Tree 6,73,0.035265,runtime,world_decor,"{""16"": 208}"
0,184,184,184,adult_tree,20p,sav_011,Adult Tree 7,74,0.031196,runtime,world_decor,"{""16"": 184}"
3,163,166,166,adult_tree,20p,sav_011,Adult Tree 8,75,0.028144,runtime,world_decor,"{""16"": 166}"
6,215,221,221,adult_tree,20p,sav_011,Adult Tree 9,76,0.037469,runtime,world_decor,"{""16"": 221}"
11,158,169,169,adult_tree,20p,sav_011,Adult Tree 10,77,0.028653,runtime,world_decor,"{""16"": 169}"
0,1,1,1,palm,20p,sav_011,Palm 1,78,0.00017,runtime,world_decor,"{""64"": 1}"
0,5,5,5,palm,20p,sav_011,Palm 2,79,0.000848,runtime,world_decor,"{""64"": 5}"
9,326,335,335,adult_tree,20p,sav_011,Adult Tree 13,80,0.056797,runtime,world_decor,"{""16"": 335}"
9,283,292,292,adult_tree,20p,sav_011,Adult Tree 14,81,0.049506,runtime,world_decor,"{""16"": 292}"
0,42,42,42,reef,20p,sav_011,Reef 2,112,0.007121,runtime,world_decor,"{""16"": 40, ""23"": 1, ""24"": 1}"
0,252,252,252,reef,20p,sav_011,Reef 3,113,0.042725,runtime,world_decor,"{""16"": 240, ""17"": 1, ""20"": 1, ""24"": 10}"
1,120,121,121,building_stone,20p,sav_011,Building Stone 1,115,0.020515,runtime,world_decor,"{""16"": 121}"
3,114,117,117,building_stone,20p,sav_011,Building Stone 2,116,0.019836,runtime,world_decor,"{""16"": 117}"
1,134,135,135,building_stone,20p,sav_011,Building Stone 3,117,0.022888,runtime,world_decor,"{""16"": 135}"
4,111,115,115,building_stone,20p,sav_011,Building Stone 4,118,0.019497,runtime,world_decor,"{""16"": 115}"
3,128,131,131,building_stone,20p,sav_011,Building Stone 5,119,0.02221,runtime,world_decor,"{""16"": 131}"
3,120,123,123,building_stone,20p,sav_011,Building Stone 6,120,0.020854,runtime,world_decor,"{""16"": 123}"
0,134,134,134,building_stone,20p,sav_011,Building Stone 7,121,0.022719,runtime,world_decor,"{""16"": 134}"
3,125,128,128,building_stone,20p,sav_011,Building Stone 8,122,0.021701,runtime,world_decor,"{""16"": 128}"
4,110,114,114,building_stone,20p,sav_011,Building Stone 9,123,0.019328,runtime,world_decor,"{""16"": 113, ""20"": 1}"
0,115,115,115,building_stone,20p,sav_011,Building Stone 10,124,0.019497,runtime,world_decor,"{""16"": 114, ""24"": 1}"
3,122,125,125,building_stone,20p,sav_011,Building Stone 11,125,0.021193,runtime,world_decor,"{""16"": 124, ""24"": 1}"
3,110,113,113,building_stone,20p,sav_011,Building Stone 12,126,0.019158,runtime,world_decor,"{""16"": 113}"
0,19,19,19,building_stone,20p,sav_011,Building Stone 13,127,0.003221,runtime,world_decor,"{""16"": 19}"
19,1,20,20,territory_marker,20p,sav_011,Red flag,255,0.003391,runtime,runtime_overlay,"{""16"": 1, ""28"": 19}"
1,28,29,29,big_stone,20p,sav_012,Big Stone 1,1,0.004917,static,world_decor,"{""16"": 29}"
2,28,30,30,big_stone,20p,sav_012,Big Stone 2,2,0.005086,static,world_decor,"{""16"": 29, ""28"": 1}"
0,36,36,36,big_stone,20p,sav_012,Big Stone 3,3,0.006104,static,world_decor,"{""16"": 36}"
0,32,32,32,big_stone,20p,sav_012,Big Stone 4,4,0.005425,static,world_decor,"{""16"": 32}"
0,33,33,33,big_stone,20p,sav_012,Big Stone 5,5,0.005595,static,world_decor,"{""16"": 33}"
2,29,31,31,big_stone,20p,sav_012,Big Stone 6,6,0.005256,static,world_decor,"{""16"": 31}"
0,26,26,26,big_stone,20p,sav_012,Big Stone 7,7,0.004408,static,world_decor,"{""16"": 26}"
0,31,31,31,big_stone,20p,sav_012,Big Stone 8,8,0.005256,static,world_decor,"{""16"": 31}"
0,41,41,41,decorative_stone,20p,sav_012,Decorative Stone 1,9,0.006951,static,world_decor,"{""16"": 41}"
1,36,37,37,decorative_stone,20p,sav_012,Decorative Stone 2,10,0.006273,static,world_decor,"{""16"": 37}"
0,26,26,26,decorative_stone,20p,sav_012,Decorative Stone 3,11,0.004408,static,world_decor,"{""16"": 26}"
0,32,32,32,decorative_stone,20p,sav_012,Decorative Stone 4,12,0.005425,static,world_decor,"{""16"": 32}"
1,41,42,42,border_stone,20p,sav_012,Border Stone 1,13,0.007121,static,world_decor,"{""16"": 42}"
0,29,29,29,border_stone,20p,sav_012,Border Stone 2,14,0.004917,static,world_decor,"{""16"": 29}"
0,32,32,32,border_stone,20p,sav_012,Border Stone 3,15,0.005425,static,world_decor,"{""16"": 32}"
0,22,22,22,border_stone,20p,sav_012,Border Stone 4,16,0.00373,static,world_decor,"{""16"": 22}"
1,36,37,37,border_stone,20p,sav_012,Border Stone 5,17,0.006273,static,world_decor,"{""16"": 37}"
1,33,34,34,border_stone,20p,sav_012,Border Stone 6,18,0.005764,static,world_decor,"{""16"": 34}"
0,35,35,35,border_stone,20p,sav_012,Border Stone 7,19,0.005934,static,world_decor,"{""16"": 35}"
0,30,30,30,border_stone,20p,sav_012,Border Stone 8,20,0.005086,static,world_decor,"{""16"": 30}"
1,27,28,28,small_stone,20p,sav_012,Small Stone 1,21,0.004747,static,world_decor,"{""16"": 28}"
0,29,29,29,small_stone,20p,sav_012,Small Stone 2,22,0.004917,static,world_decor,"{""16"": 29}"
3,31,34,34,small_stone,20p,sav_012,Small Stone 3,23,0.005764,static,world_decor,"{""16"": 34}"
0,34,34,34,small_stone,20p,sav_012,Small Stone 4,24,0.005764,static,world_decor,"{""16"": 34}"
0,35,35,35,small_stone,20p,sav_012,Small Stone 5,25,0.005934,static,world_decor,"{""16"": 35}"
1,32,33,33,small_stone,20p,sav_012,Small Stone 6,26,0.005595,static,world_decor,"{""16"": 33}"
0,35,35,35,small_stone,20p,sav_012,Small Stone 7,27,0.005934,static,world_decor,"{""16"": 35}"
0,19,19,19,small_stone,20p,sav_012,Small Stone 8,28,0.003221,static,world_decor,"{""16"": 19}"
0,1,1,1,wreck,20p,sav_012,Wreck 3,31,0.00017,static,world_decor,"{""48"": 1}"
0,1,1,1,wreck,20p,sav_012,Wreck 4,32,0.00017,static,world_decor,"{""48"": 1}"
0,3,3,3,wreck,20p,sav_012,Wreck 5,33,0.000509,static,world_decor,"{""48"": 3}"
1,30,31,31,grave,20p,sav_012,Grave,34,0.005256,static,world_decor,"{""16"": 31}"
3,31,34,34,small_plant,20p,sav_012,Small Plant 1,35,0.005764,static,world_decor,"{""16"": 34}"
0,29,29,29,small_plant,20p,sav_012,Small Plant 2,36,0.004917,static,world_decor,"{""16"": 29}"
1,28,29,29,small_plant,20p,sav_012,Small Plant 3,37,0.004917,static,world_decor,"{""16"": 29}"
1,34,35,35,toadstool,20p,sav_012,Toadstool 1,38,0.005934,static,world_decor,"{""16"": 35}"
0,33,33,33,toadstool,20p,sav_012,Toadstool 2,39,0.005595,static,world_decor,"{""16"": 33}"
2,22,24,24,toadstool,20p,sav_012,Toadstool 3,40,0.004069,static,world_decor,"{""16"": 23, ""28"": 1}"
0,35,35,35,stump,20p,sav_012,Tree Stump 1,41,0.005934,static,world_decor,"{""16"": 35}"
0,35,35,35,stump,20p,sav_012,Tree Stump 2,42,0.005934,static,world_decor,"{""16"": 35}"
0,5,5,5,dead_tree,20p,sav_012,Dead Tree 1,43,0.000848,static,world_decor,"{""64"": 5}"
0,3,3,3,dead_tree,20p,sav_012,Dead Tree 2,44,0.000509,static,world_decor,"{""64"": 3}"
1,6,7,7,cactus,20p,sav_012,Cactus 1,45,0.001187,static,world_decor,"{""64"": 7}"
0,5,5,5,cactus,20p,sav_012,Cactus 2,46,0.000848,static,world_decor,"{""64"": 5}"
1,6,7,7,cactus,20p,sav_012,Cactus 3,47,0.001187,static,world_decor,"{""64"": 7}"
1,3,4,4,cactus,20p,sav_012,Cactus 4,48,0.000678,static,world_decor,"{""64"": 4}"
1,1,2,2,skeleton,20p,sav_012,Skeleton,49,0.000339,static,world_decor,"{""64"": 2}"
0,32,32,32,small_flower,20p,sav_012,Small Flower 1,50,0.005425,static,world_decor,"{""16"": 32}"
1,33,34,34,small_flower,20p,sav_012,Small Flower 2,51,0.005764,static,world_decor,"{""16"": 34}"
0,26,26,26,small_flower,20p,sav_012,Small Flower 3,52,0.004408,static,world_decor,"{""16"": 26}"
1,34,35,35,small_bush,20p,sav_012,Small Bush 1,53,0.005934,static,world_decor,"{""16"": 35}"
0,40,40,40,small_bush,20p,sav_012,Small Bush 2,54,0.006782,static,world_decor,"{""16"": 40}"
1,30,31,31,small_bush,20p,sav_012,Small Bush 3,55,0.005256,static,world_decor,"{""16"": 31}"
0,27,27,27,small_bush,20p,sav_012,Small Bush 4,56,0.004578,static,world_decor,"{""16"": 27}"
1,24,25,25,bush,20p,sav_012,Bush 1,57,0.004239,static,world_decor,"{""16"": 25}"
0,30,30,30,bush,20p,sav_012,Bush 2,58,0.005086,static,world_decor,"{""16"": 30}"
0,26,26,26,bush,20p,sav_012,Bush 3,59,0.004408,static,world_decor,"{""16"": 26}"
0,32,32,32,bush,20p,sav_012,Bush 4,60,0.005425,static,world_decor,"{""16"": 32}"
1,26,27,27,bush,20p,sav_012,Bush 5,61,0.004578,static,world_decor,"{""16"": 27}"
7,246,253,253,adult_tree,20p,sav_012,Birch 1,68,0.042894,static,world_decor,"{""16"": 253}"
11,242,253,253,adult_tree,20p,sav_012,Birch 2,69,0.042894,static,world_decor,"{""16"": 253}"
2,183,185,185,adult_tree,20p,sav_012,Elm 1,70,0.031365,static,world_decor,"{""16"": 184, ""24"": 1}"
0,214,214,214,adult_tree,20p,sav_012,Elm 2,71,0.036282,static,world_decor,"{""16"": 213, ""17"": 1}"
0,171,171,171,adult_tree,20p,sav_012,Oak,72,0.028992,static,world_decor,"{""16"": 171}"
1,214,215,215,adult_tree,20p,sav_012,Adult Tree 6,73,0.036452,static,world_decor,"{""16"": 215}"
5,202,207,207,adult_tree,20p,sav_012,Adult Tree 7,74,0.035095,static,world_decor,"{""16"": 207}"
2,211,213,213,adult_tree,20p,sav_012,Adult Tree 8,75,0.036112,static,world_decor,"{""16"": 213}"
4,180,184,184,adult_tree,20p,sav_012,Adult Tree 9,76,0.031196,static,world_decor,"{""16"": 184}"
1,227,228,228,adult_tree,20p,sav_012,Adult Tree 10,77,0.038656,static,world_decor,"{""16"": 228}"
1,3,4,4,palm,20p,sav_012,Palm 1,78,0.000678,static,world_decor,"{""64"": 4}"
0,2,2,2,palm,20p,sav_012,Palm 2,79,0.000339,static,world_decor,"{""64"": 2}"
7,319,326,326,adult_tree,20p,sav_012,Adult Tree 13,80,0.055271,static,world_decor,"{""16"": 326}"
3,310,313,313,adult_tree,20p,sav_012,Adult Tree 14,81,0.053067,static,world_decor,"{""16"": 313}"
3,148,151,151,building_stone,20p,sav_012,Building Stone 1,115,0.025601,static,world_decor,"{""16"": 151}"
1,123,124,124,building_stone,20p,sav_012,Building Stone 2,116,0.021023,static,world_decor,"{""16"": 124}"
3,139,142,142,building_stone,20p,sav_012,Building Stone 3,117,0.024075,static,world_decor,"{""16"": 142}"
3,138,141,141,building_stone,20p,sav_012,Building Stone 4,118,0.023905,static,world_decor,"{""16"": 141}"
3,153,156,156,building_stone,20p,sav_012,Building Stone 5,119,0.026449,static,world_decor,"{""16"": 156}"
3,154,157,157,building_stone,20p,sav_012,Building Stone 6,120,0.026618,static,world_decor,"{""16"": 157}"
1,116,117,117,building_stone,20p,sav_012,Building Stone 7,121,0.019836,static,world_decor,"{""16"": 117}"
4,137,141,141,building_stone,20p,sav_012,Building Stone 8,122,0.023905,static,world_decor,"{""16"": 141}"
2,144,146,146,building_stone,20p,sav_012,Building Stone 9,123,0.024753,static,world_decor,"{""16"": 146}"
4,134,138,138,building_stone,20p,sav_012,Building Stone 10,124,0.023397,static,world_decor,"{""16"": 138}"
4,132,136,136,building_stone,20p,sav_012,Building Stone 11,125,0.023058,static,world_decor,"{""16"": 136}"
1,147,148,148,building_stone,20p,sav_012,Building Stone 12,126,0.025092,static,world_decor,"{""16"": 147, ""20"": 1}"
3,19,22,22,building_stone,20p,sav_012,Building Stone 13,127,0.00373,static,world_decor,"{""16"": 21, ""28"": 1}"
1,28,29,29,big_stone,20p,sav_012,Big Stone 1,1,0.004917,runtime,world_decor,"{""16"": 29}"
1,28,29,29,big_stone,20p,sav_012,Big Stone 2,2,0.004917,runtime,world_decor,"{""16"": 29}"
0,36,36,36,big_stone,20p,sav_012,Big Stone 3,3,0.006104,runtime,world_decor,"{""16"": 36}"
0,32,32,32,big_stone,20p,sav_012,Big Stone 4,4,0.005425,runtime,world_decor,"{""16"": 32}"
0,33,33,33,big_stone,20p,sav_012,Big Stone 5,5,0.005595,runtime,world_decor,"{""16"": 33}"
2,29,31,31,big_stone,20p,sav_012,Big Stone 6,6,0.005256,runtime,world_decor,"{""16"": 31}"
0,26,26,26,big_stone,20p,sav_012,Big Stone 7,7,0.004408,runtime,world_decor,"{""16"": 26}"
0,31,31,31,big_stone,20p,sav_012,Big Stone 8,8,0.005256,runtime,world_decor,"{""16"": 31}"
0,41,41,41,decorative_stone,20p,sav_012,Decorative Stone 1,9,0.006951,runtime,world_decor,"{""16"": 41}"
1,36,37,37,decorative_stone,20p,sav_012,Decorative Stone 2,10,0.006273,runtime,world_decor,"{""16"": 37}"
0,26,26,26,decorative_stone,20p,sav_012,Decorative Stone 3,11,0.004408,runtime,world_decor,"{""16"": 26}"
0,32,32,32,decorative_stone,20p,sav_012,Decorative Stone 4,12,0.005425,runtime,world_decor,"{""16"": 32}"
1,41,42,42,border_stone,20p,sav_012,Border Stone 1,13,0.007121,runtime,world_decor,"{""16"": 42}"
0,29,29,29,border_stone,20p,sav_012,Border Stone 2,14,0.004917,runtime,world_decor,"{""16"": 29}"
0,32,32,32,border_stone,20p,sav_012,Border Stone 3,15,0.005425,runtime,world_decor,"{""16"": 32}"
0,22,22,22,border_stone,20p,sav_012,Border Stone 4,16,0.00373,runtime,world_decor,"{""16"": 22}"
1,36,37,37,border_stone,20p,sav_012,Border Stone 5,17,0.006273,runtime,world_decor,"{""16"": 37}"
1,33,34,34,border_stone,20p,sav_012,Border Stone 6,18,0.005764,runtime,world_decor,"{""16"": 34}"
0,35,35,35,border_stone,20p,sav_012,Border Stone 7,19,0.005934,runtime,world_decor,"{""16"": 35}"
0,30,30,30,border_stone,20p,sav_012,Border Stone 8,20,0.005086,runtime,world_decor,"{""16"": 30}"
1,27,28,28,small_stone,20p,sav_012,Small Stone 1,21,0.004747,runtime,world_decor,"{""16"": 28}"
0,29,29,29,small_stone,20p,sav_012,Small Stone 2,22,0.004917,runtime,world_decor,"{""16"": 29}"
3,31,34,34,small_stone,20p,sav_012,Small Stone 3,23,0.005764,runtime,world_decor,"{""16"": 34}"
0,34,34,34,small_stone,20p,sav_012,Small Stone 4,24,0.005764,runtime,world_decor,"{""16"": 34}"
0,35,35,35,small_stone,20p,sav_012,Small Stone 5,25,0.005934,runtime,world_decor,"{""16"": 35}"
1,32,33,33,small_stone,20p,sav_012,Small Stone 6,26,0.005595,runtime,world_decor,"{""16"": 33}"
0,35,35,35,small_stone,20p,sav_012,Small Stone 7,27,0.005934,runtime,world_decor,"{""16"": 35}"
0,19,19,19,small_stone,20p,sav_012,Small Stone 8,28,0.003221,runtime,world_decor,"{""16"": 19}"
0,1,1,1,wreck,20p,sav_012,Wreck 3,31,0.00017,runtime,world_decor,"{""48"": 1}"
0,1,1,1,wreck,20p,sav_012,Wreck 4,32,0.00017,runtime,world_decor,"{""48"": 1}"
0,3,3,3,wreck,20p,sav_012,Wreck 5,33,0.000509,runtime,world_decor,"{""48"": 3}"
1,30,31,31,grave,20p,sav_012,Grave,34,0.005256,runtime,world_decor,"{""16"": 31}"
3,31,34,34,small_plant,20p,sav_012,Small Plant 1,35,0.005764,runtime,world_decor,"{""16"": 34}"
0,29,29,29,small_plant,20p,sav_012,Small Plant 2,36,0.004917,runtime,world_decor,"{""16"": 29}"
1,28,29,29,small_plant,20p,sav_012,Small Plant 3,37,0.004917,runtime,world_decor,"{""16"": 29}"
1,34,35,35,toadstool,20p,sav_012,Toadstool 1,38,0.005934,runtime,world_decor,"{""16"": 35}"
0,33,33,33,toadstool,20p,sav_012,Toadstool 2,39,0.005595,runtime,world_decor,"{""16"": 33}"
1,22,23,23,toadstool,20p,sav_012,Toadstool 3,40,0.003899,runtime,world_decor,"{""16"": 23}"
0,35,35,35,stump,20p,sav_012,Tree Stump 1,41,0.005934,runtime,world_decor,"{""16"": 35}"
0,35,35,35,stump,20p,sav_012,Tree Stump 2,42,0.005934,runtime,world_decor,"{""16"": 35}"
0,5,5,5,dead_tree,20p,sav_012,Dead Tree 1,43,0.000848,runtime,world_decor,"{""64"": 5}"
0,3,3,3,dead_tree,20p,sav_012,Dead Tree 2,44,0.000509,runtime,world_decor,"{""64"": 3}"
1,6,7,7,cactus,20p,sav_012,Cactus 1,45,0.001187,runtime,world_decor,"{""64"": 7}"
0,5,5,5,cactus,20p,sav_012,Cactus 2,46,0.000848,runtime,world_decor,"{""64"": 5}"
1,6,7,7,cactus,20p,sav_012,Cactus 3,47,0.001187,runtime,world_decor,"{""64"": 7}"
1,3,4,4,cactus,20p,sav_012,Cactus 4,48,0.000678,runtime,world_decor,"{""64"": 4}"
1,1,2,2,skeleton,20p,sav_012,Skeleton,49,0.000339,runtime,world_decor,"{""64"": 2}"
0,32,32,32,small_flower,20p,sav_012,Small Flower 1,50,0.005425,runtime,world_decor,"{""16"": 32}"
1,33,34,34,small_flower,20p,sav_012,Small Flower 2,51,0.005764,runtime,world_decor,"{""16"": 34}"
0,26,26,26,small_flower,20p,sav_012,Small Flower 3,52,0.004408,runtime,world_decor,"{""16"": 26}"
1,34,35,35,small_bush,20p,sav_012,Small Bush 1,53,0.005934,runtime,world_decor,"{""16"": 35}"
0,40,40,40,small_bush,20p,sav_012,Small Bush 2,54,0.006782,runtime,world_decor,"{""16"": 40}"
1,30,31,31,small_bush,20p,sav_012,Small Bush 3,55,0.005256,runtime,world_decor,"{""16"": 31}"
0,27,27,27,small_bush,20p,sav_012,Small Bush 4,56,0.004578,runtime,world_decor,"{""16"": 27}"
1,24,25,25,bush,20p,sav_012,Bush 1,57,0.004239,runtime,world_decor,"{""16"": 25}"
0,30,30,30,bush,20p,sav_012,Bush 2,58,0.005086,runtime,world_decor,"{""16"": 30}"
0,26,26,26,bush,20p,sav_012,Bush 3,59,0.004408,runtime,world_decor,"{""16"": 26}"
0,32,32,32,bush,20p,sav_012,Bush 4,60,0.005425,runtime,world_decor,"{""16"": 32}"
1,26,27,27,bush,20p,sav_012,Bush 5,61,0.004578,runtime,world_decor,"{""16"": 27}"
7,246,253,253,adult_tree,20p,sav_012,Birch 1,68,0.042894,runtime,world_decor,"{""16"": 253}"
11,242,253,253,adult_tree,20p,sav_012,Birch 2,69,0.042894,runtime,world_decor,"{""16"": 253}"
2,183,185,185,adult_tree,20p,sav_012,Elm 1,70,0.031365,runtime,world_decor,"{""16"": 184, ""24"": 1}"
0,214,214,214,adult_tree,20p,sav_012,Elm 2,71,0.036282,runtime,world_decor,"{""16"": 213, ""17"": 1}"
0,171,171,171,adult_tree,20p,sav_012,Oak,72,0.028992,runtime,world_decor,"{""16"": 171}"
1,214,215,215,adult_tree,20p,sav_012,Adult Tree 6,73,0.036452,runtime,world_decor,"{""16"": 215}"
5,202,207,207,adult_tree,20p,sav_012,Adult Tree 7,74,0.035095,runtime,world_decor,"{""16"": 207}"
2,211,213,213,adult_tree,20p,sav_012,Adult Tree 8,75,0.036112,runtime,world_decor,"{""16"": 213}"
4,180,184,184,adult_tree,20p,sav_012,Adult Tree 9,76,0.031196,runtime,world_decor,"{""16"": 184}"
1,227,228,228,adult_tree,20p,sav_012,Adult Tree 10,77,0.038656,runtime,world_decor,"{""16"": 228}"
1,3,4,4,palm,20p,sav_012,Palm 1,78,0.000678,runtime,world_decor,"{""64"": 4}"
0,2,2,2,palm,20p,sav_012,Palm 2,79,0.000339,runtime,world_decor,"{""64"": 2}"
7,319,326,326,adult_tree,20p,sav_012,Adult Tree 13,80,0.055271,runtime,world_decor,"{""16"": 326}"
3,310,313,313,adult_tree,20p,sav_012,Adult Tree 14,81,0.053067,runtime,world_decor,"{""16"": 313}"
0,38,38,38,reef,20p,sav_012,Reef 2,112,0.006443,runtime,world_decor,"{""16"": 36, ""21"": 1, ""24"": 1}"
0,228,228,228,reef,20p,sav_012,Reef 3,113,0.038656,runtime,world_decor,"{""16"": 212, ""21"": 3, ""23"": 2, ""24"": 11}"
3,148,151,151,building_stone,20p,sav_012,Building Stone 1,115,0.025601,runtime,world_decor,"{""16"": 151}"
1,123,124,124,building_stone,20p,sav_012,Building Stone 2,116,0.021023,runtime,world_decor,"{""16"": 124}"
3,139,142,142,building_stone,20p,sav_012,Building Stone 3,117,0.024075,runtime,world_decor,"{""16"": 142}"
3,138,141,141,building_stone,20p,sav_012,Building Stone 4,118,0.023905,runtime,world_decor,"{""16"": 141}"
3,153,156,156,building_stone,20p,sav_012,Building Stone 5,119,0.026449,runtime,world_decor,"{""16"": 156}"
3,154,157,157,building_stone,20p,sav_012,Building Stone 6,120,0.026618,runtime,world_decor,"{""16"": 157}"
1,116,117,117,building_stone,20p,sav_012,Building Stone 7,121,0.019836,runtime,world_decor,"{""16"": 117}"
4,137,141,141,building_stone,20p,sav_012,Building Stone 8,122,0.023905,runtime,world_decor,"{""16"": 141}"
2,144,146,146,building_stone,20p,sav_012,Building Stone 9,123,0.024753,runtime,world_decor,"{""16"": 146}"
4,134,138,138,building_stone,20p,sav_012,Building Stone 10,124,0.023397,runtime,world_decor,"{""16"": 138}"
4,132,136,136,building_stone,20p,sav_012,Building Stone 11,125,0.023058,runtime,world_decor,"{""16"": 136}"
1,147,148,148,building_stone,20p,sav_012,Building Stone 12,126,0.025092,runtime,world_decor,"{""16"": 147, ""20"": 1}"
2,19,21,21,building_stone,20p,sav_012,Building Stone 13,127,0.00356,runtime,world_decor,"{""16"": 21}"
19,1,20,20,territory_marker,20p,sav_012,Red flag,255,0.003391,runtime,runtime_overlay,"{""16"": 1, ""28"": 19}"
0,32,32,32,big_stone,20p,sav_013,Big Stone 1,1,0.005425,static,world_decor,"{""16"": 32}"
0,32,32,32,big_stone,20p,sav_013,Big Stone 2,2,0.005425,static,world_decor,"{""16"": 32}"
1,35,36,36,big_stone,20p,sav_013,Big Stone 3,3,0.006104,static,world_decor,"{""16"": 36}"
0,26,26,26,big_stone,20p,sav_013,Big Stone 4,4,0.004408,static,world_decor,"{""16"": 26}"
0,33,33,33,big_stone,20p,sav_013,Big Stone 5,5,0.005595,static,world_decor,"{""16"": 33}"
0,34,34,34,big_stone,20p,sav_013,Big Stone 6,6,0.005764,static,world_decor,"{""16"": 34}"
0,26,26,26,big_stone,20p,sav_013,Big Stone 7,7,0.004408,static,world_decor,"{""16"": 26}"
0,36,36,36,big_stone,20p,sav_013,Big Stone 8,8,0.006104,static,world_decor,"{""16"": 36}"
2,28,30,30,decorative_stone,20p,sav_013,Decorative Stone 1,9,0.005086,static,world_decor,"{""16"": 30}"
1,34,35,35,decorative_stone,20p,sav_013,Decorative Stone 2,10,0.005934,static,world_decor,"{""16"": 35}"
0,35,35,35,decorative_stone,20p,sav_013,Decorative Stone 3,11,0.005934,static,world_decor,"{""16"": 35}"
0,29,29,29,decorative_stone,20p,sav_013,Decorative Stone 4,12,0.004917,static,world_decor,"{""16"": 29}"
0,35,35,35,border_stone,20p,sav_013,Border Stone 1,13,0.005934,static,world_decor,"{""16"": 35}"
1,32,33,33,border_stone,20p,sav_013,Border Stone 2,14,0.005595,static,world_decor,"{""16"": 33}"
1,40,41,41,border_stone,20p,sav_013,Border Stone 3,15,0.006951,static,world_decor,"{""16"": 41}"
0,21,21,21,border_stone,20p,sav_013,Border Stone 4,16,0.00356,static,world_decor,"{""16"": 21}"
1,36,37,37,border_stone,20p,sav_013,Border Stone 5,17,0.006273,static,world_decor,"{""16"": 37}"
0,30,30,30,border_stone,20p,sav_013,Border Stone 6,18,0.005086,static,world_decor,"{""16"": 30}"
3,30,33,33,border_stone,20p,sav_013,Border Stone 7,19,0.005595,static,world_decor,"{""16"": 33}"
1,21,22,22,border_stone,20p,sav_013,Border Stone 8,20,0.00373,static,world_decor,"{""16"": 22}"
0,22,22,22,small_stone,20p,sav_013,Small Stone 1,21,0.00373,static,world_decor,"{""16"": 22}"
1,33,34,34,small_stone,20p,sav_013,Small Stone 2,22,0.005764,static,world_decor,"{""16"": 33, ""28"": 1}"
1,33,34,34,small_stone,20p,sav_013,Small Stone 3,23,0.005764,static,world_decor,"{""16"": 34}"
1,27,28,28,small_stone,20p,sav_013,Small Stone 4,24,0.004747,static,world_decor,"{""16"": 27, ""28"": 1}"
0,36,36,36,small_stone,20p,sav_013,Small Stone 5,25,0.006104,static,world_decor,"{""16"": 36}"
1,31,32,32,small_stone,20p,sav_013,Small Stone 6,26,0.005425,static,world_decor,"{""16"": 32}"
0,34,34,34,small_stone,20p,sav_013,Small Stone 7,27,0.005764,static,world_decor,"{""16"": 34}"
1,26,27,27,small_stone,20p,sav_013,Small Stone 8,28,0.004578,static,world_decor,"{""16"": 27}"
0,1,1,1,wreck,20p,sav_013,Wreck 1,29,0.00017,static,world_decor,"{""48"": 1}"
0,1,1,1,wreck,20p,sav_013,Wreck 4,32,0.00017,static,world_decor,"{""48"": 1}"
0,2,2,2,wreck,20p,sav_013,Wreck 5,33,0.000339,static,world_decor,"{""48"": 2}"
3,30,33,33,grave,20p,sav_013,Grave,34,0.005595,static,world_decor,"{""16"": 33}"
0,32,32,32,small_plant,20p,sav_013,Small Plant 1,35,0.005425,static,world_decor,"{""16"": 32}"
0,29,29,29,small_plant,20p,sav_013,Small Plant 2,36,0.004917,static,world_decor,"{""16"": 29}"
1,27,28,28,small_plant,20p,sav_013,Small Plant 3,37,0.004747,static,world_decor,"{""16"": 28}"
2,28,30,30,toadstool,20p,sav_013,Toadstool 1,38,0.005086,static,world_decor,"{""16"": 29, ""28"": 1}"
0,27,27,27,toadstool,20p,sav_013,Toadstool 2,39,0.004578,static,world_decor,"{""16"": 27}"
0,26,26,26,toadstool,20p,sav_013,Toadstool 3,40,0.004408,static,world_decor,"{""16"": 26}"
0,27,27,27,stump,20p,sav_013,Tree Stump 1,41,0.004578,static,world_decor,"{""16"": 27}"
1,25,26,26,stump,20p,sav_013,Tree Stump 2,42,0.004408,static,world_decor,"{""16"": 26}"
0,2,2,2,dead_tree,20p,sav_013,Dead Tree 1,43,0.000339,static,world_decor,"{""64"": 2}"
0,3,3,3,dead_tree,20p,sav_013,Dead Tree 2,44,0.000509,static,world_decor,"{""64"": 3}"
0,2,2,2,cactus,20p,sav_013,Cactus 1,45,0.000339,static,world_decor,"{""64"": 2}"
0,3,3,3,cactus,20p,sav_013,Cactus 2,46,0.000509,static,world_decor,"{""64"": 3}"
1,5,6,6,cactus,20p,sav_013,Cactus 3,47,0.001017,static,world_decor,"{""64"": 6}"
0,1,1,1,cactus,20p,sav_013,Cactus 4,48,0.00017,static,world_decor,"{""64"": 1}"
0,4,4,4,skeleton,20p,sav_013,Skeleton,49,0.000678,static,world_decor,"{""64"": 4}"
3,27,30,30,small_flower,20p,sav_013,Small Flower 1,50,0.005086,static,world_decor,"{""16"": 30}"
1,35,36,36,small_flower,20p,sav_013,Small Flower 2,51,0.006104,static,world_decor,"{""16"": 35, ""28"": 1}"
0,31,31,31,small_flower,20p,sav_013,Small Flower 3,52,0.005256,static,world_decor,"{""16"": 31}"
0,21,21,21,small_bush,20p,sav_013,Small Bush 1,53,0.00356,static,world_decor,"{""16"": 21}"
0,35,35,35,small_bush,20p,sav_013,Small Bush 2,54,0.005934,static,world_decor,"{""16"": 35}"
1,33,34,34,small_bush,20p,sav_013,Small Bush 3,55,0.005764,static,world_decor,"{""16"": 34}"
3,23,26,26,small_bush,20p,sav_013,Small Bush 4,56,0.004408,static,world_decor,"{""16"": 25, ""28"": 1}"
1,29,30,30,bush,20p,sav_013,Bush 1,57,0.005086,static,world_decor,"{""16"": 30}"
0,25,25,25,bush,20p,sav_013,Bush 2,58,0.004239,static,world_decor,"{""16"": 25}"
2,27,29,29,bush,20p,sav_013,Bush 3,59,0.004917,static,world_decor,"{""16"": 29}"
0,20,20,20,bush,20p,sav_013,Bush 4,60,0.003391,static,world_decor,"{""16"": 20}"
0,28,28,28,bush,20p,sav_013,Bush 5,61,0.004747,static,world_decor,"{""16"": 28}"
0,1,1,1,reed,20p,sav_013,Reed 6,67,0.00017,static,world_decor,"{""80"": 1}"
3,223,226,226,adult_tree,20p,sav_013,Birch 1,68,0.038317,static,world_decor,"{""16"": 223, ""21"": 1, ""24"": 2}"
4,247,251,251,adult_tree,20p,sav_013,Birch 2,69,0.042555,static,world_decor,"{""16"": 244, ""17"": 1, ""21"": 1, ""24"": 5}"
2,195,197,197,adult_tree,20p,sav_013,Elm 1,70,0.0334,static,world_decor,"{""16"": 196, ""17"": 1}"
14,240,254,254,adult_tree,20p,sav_013,Elm 2,71,0.043064,static,world_decor,"{""16"": 253, ""24"": 1}"
12,191,203,203,adult_tree,20p,sav_013,Oak,72,0.034417,static,world_decor,"{""16"": 200, ""21"": 2, ""24"": 1}"
6,232,238,238,adult_tree,20p,sav_013,Adult Tree 6,73,0.040351,static,world_decor,"{""16"": 237, ""24"": 1}"
4,180,184,184,adult_tree,20p,sav_013,Adult Tree 7,74,0.031196,static,world_decor,"{""16"": 184}"
5,187,192,192,adult_tree,20p,sav_013,Adult Tree 8,75,0.032552,static,world_decor,"{""16"": 192}"
7,201,208,208,adult_tree,20p,sav_013,Adult Tree 9,76,0.035265,static,world_decor,"{""16"": 208}"
12,191,203,203,adult_tree,20p,sav_013,Adult Tree 10,77,0.034417,static,world_decor,"{""16"": 203}"
0,6,6,6,palm,20p,sav_013,Palm 1,78,0.001017,static,world_decor,"{""64"": 6}"
0,10,10,10,palm,20p,sav_013,Palm 2,79,0.001695,static,world_decor,"{""64"": 10}"
8,317,325,325,adult_tree,20p,sav_013,Adult Tree 13,80,0.055101,static,world_decor,"{""16"": 325}"
6,323,329,329,adult_tree,20p,sav_013,Adult Tree 14,81,0.055779,static,world_decor,"{""16"": 329}"
6,126,132,132,building_stone,20p,sav_013,Building Stone 1,115,0.02238,static,world_decor,"{""16"": 132}"
2,133,135,135,building_stone,20p,sav_013,Building Stone 2,116,0.022888,static,world_decor,"{""16"": 135}"
5,141,146,146,building_stone,20p,sav_013,Building Stone 3,117,0.024753,static,world_decor,"{""16"": 146}"
2,120,122,122,building_stone,20p,sav_013,Building Stone 4,118,0.020684,static,world_decor,"{""16"": 121, ""23"": 1}"
3,123,126,126,building_stone,20p,sav_013,Building Stone 5,119,0.021362,static,world_decor,"{""16"": 126}"
8,131,139,139,building_stone,20p,sav_013,Building Stone 6,120,0.023566,static,world_decor,"{""16"": 139}"
0,120,120,120,building_stone,20p,sav_013,Building Stone 7,121,0.020345,static,world_decor,"{""16"": 120}"
0,143,143,143,building_stone,20p,sav_013,Building Stone 8,122,0.024245,static,world_decor,"{""16"": 143}"
0,156,156,156,building_stone,20p,sav_013,Building Stone 9,123,0.026449,static,world_decor,"{""16"": 156}"
4,124,128,128,building_stone,20p,sav_013,Building Stone 10,124,0.021701,static,world_decor,"{""16"": 128}"
3,136,139,139,building_stone,20p,sav_013,Building Stone 11,125,0.023566,static,world_decor,"{""16"": 139}"
2,118,120,120,building_stone,20p,sav_013,Building Stone 12,126,0.020345,static,world_decor,"{""16"": 119, ""23"": 1}"
0,14,14,14,building_stone,20p,sav_013,Building Stone 13,127,0.002374,static,world_decor,"{""16"": 14}"
0,32,32,32,big_stone,20p,sav_013,Big Stone 1,1,0.005425,runtime,world_decor,"{""16"": 32}"
0,32,32,32,big_stone,20p,sav_013,Big Stone 2,2,0.005425,runtime,world_decor,"{""16"": 32}"
1,35,36,36,big_stone,20p,sav_013,Big Stone 3,3,0.006104,runtime,world_decor,"{""16"": 36}"
0,26,26,26,big_stone,20p,sav_013,Big Stone 4,4,0.004408,runtime,world_decor,"{""16"": 26}"
0,33,33,33,big_stone,20p,sav_013,Big Stone 5,5,0.005595,runtime,world_decor,"{""16"": 33}"
0,34,34,34,big_stone,20p,sav_013,Big Stone 6,6,0.005764,runtime,world_decor,"{""16"": 34}"
0,26,26,26,big_stone,20p,sav_013,Big Stone 7,7,0.004408,runtime,world_decor,"{""16"": 26}"
0,36,36,36,big_stone,20p,sav_013,Big Stone 8,8,0.006104,runtime,world_decor,"{""16"": 36}"
2,28,30,30,decorative_stone,20p,sav_013,Decorative Stone 1,9,0.005086,runtime,world_decor,"{""16"": 30}"
1,34,35,35,decorative_stone,20p,sav_013,Decorative Stone 2,10,0.005934,runtime,world_decor,"{""16"": 35}"
0,35,35,35,decorative_stone,20p,sav_013,Decorative Stone 3,11,0.005934,runtime,world_decor,"{""16"": 35}"
0,29,29,29,decorative_stone,20p,sav_013,Decorative Stone 4,12,0.004917,runtime,world_decor,"{""16"": 29}"
0,35,35,35,border_stone,20p,sav_013,Border Stone 1,13,0.005934,runtime,world_decor,"{""16"": 35}"
1,32,33,33,border_stone,20p,sav_013,Border Stone 2,14,0.005595,runtime,world_decor,"{""16"": 33}"
1,40,41,41,border_stone,20p,sav_013,Border Stone 3,15,0.006951,runtime,world_decor,"{""16"": 41}"
0,21,21,21,border_stone,20p,sav_013,Border Stone 4,16,0.00356,runtime,world_decor,"{""16"": 21}"
1,36,37,37,border_stone,20p,sav_013,Border Stone 5,17,0.006273,runtime,world_decor,"{""16"": 37}"
0,30,30,30,border_stone,20p,sav_013,Border Stone 6,18,0.005086,runtime,world_decor,"{""16"": 30}"
3,30,33,33,border_stone,20p,sav_013,Border Stone 7,19,0.005595,runtime,world_decor,"{""16"": 33}"
1,21,22,22,border_stone,20p,sav_013,Border Stone 8,20,0.00373,runtime,world_decor,"{""16"": 22}"
0,22,22,22,small_stone,20p,sav_013,Small Stone 1,21,0.00373,runtime,world_decor,"{""16"": 22}"
1,33,34,34,small_stone,20p,sav_013,Small Stone 2,22,0.005764,runtime,world_decor,"{""16"": 33, ""28"": 1}"
1,33,34,34,small_stone,20p,sav_013,Small Stone 3,23,0.005764,runtime,world_decor,"{""16"": 34}"
0,26,26,26,small_stone,20p,sav_013,Small Stone 4,24,0.004408,runtime,world_decor,"{""16"": 26}"
0,36,36,36,small_stone,20p,sav_013,Small Stone 5,25,0.006104,runtime,world_decor,"{""16"": 36}"
1,31,32,32,small_stone,20p,sav_013,Small Stone 6,26,0.005425,runtime,world_decor,"{""16"": 32}"
0,34,34,34,small_stone,20p,sav_013,Small Stone 7,27,0.005764,runtime,world_decor,"{""16"": 34}"
1,26,27,27,small_stone,20p,sav_013,Small Stone 8,28,0.004578,runtime,world_decor,"{""16"": 27}"
0,1,1,1,wreck,20p,sav_013,Wreck 1,29,0.00017,runtime,world_decor,"{""48"": 1}"
0,1,1,1,wreck,20p,sav_013,Wreck 4,32,0.00017,runtime,world_decor,"{""48"": 1}"
0,2,2,2,wreck,20p,sav_013,Wreck 5,33,0.000339,runtime,world_decor,"{""48"": 2}"
3,30,33,33,grave,20p,sav_013,Grave,34,0.005595,runtime,world_decor,"{""16"": 33}"
0,32,32,32,small_plant,20p,sav_013,Small Plant 1,35,0.005425,runtime,world_decor,"{""16"": 32}"
0,29,29,29,small_plant,20p,sav_013,Small Plant 2,36,0.004917,runtime,world_decor,"{""16"": 29}"
1,27,28,28,small_plant,20p,sav_013,Small Plant 3,37,0.004747,runtime,world_decor,"{""16"": 28}"
1,28,29,29,toadstool,20p,sav_013,Toadstool 1,38,0.004917,runtime,world_decor,"{""16"": 29}"
0,27,27,27,toadstool,20p,sav_013,Toadstool 2,39,0.004578,runtime,world_decor,"{""16"": 27}"
0,26,26,26,toadstool,20p,sav_013,Toadstool 3,40,0.004408,runtime,world_decor,"{""16"": 26}"
0,27,27,27,stump,20p,sav_013,Tree Stump 1,41,0.004578,runtime,world_decor,"{""16"": 27}"
1,25,26,26,stump,20p,sav_013,Tree Stump 2,42,0.004408,runtime,world_decor,"{""16"": 26}"
0,2,2,2,dead_tree,20p,sav_013,Dead Tree 1,43,0.000339,runtime,world_decor,"{""64"": 2}"
0,3,3,3,dead_tree,20p,sav_013,Dead Tree 2,44,0.000509,runtime,world_decor,"{""64"": 3}"
0,2,2,2,cactus,20p,sav_013,Cactus 1,45,0.000339,runtime,world_decor,"{""64"": 2}"
0,3,3,3,cactus,20p,sav_013,Cactus 2,46,0.000509,runtime,world_decor,"{""64"": 3}"
1,5,6,6,cactus,20p,sav_013,Cactus 3,47,0.001017,runtime,world_decor,"{""64"": 6}"
0,1,1,1,cactus,20p,sav_013,Cactus 4,48,0.00017,runtime,world_decor,"{""64"": 1}"
0,4,4,4,skeleton,20p,sav_013,Skeleton,49,0.000678,runtime,world_decor,"{""64"": 4}"
3,27,30,30,small_flower,20p,sav_013,Small Flower 1,50,0.005086,runtime,world_decor,"{""16"": 30}"
1,35,36,36,small_flower,20p,sav_013,Small Flower 2,51,0.006104,runtime,world_decor,"{""16"": 35, ""28"": 1}"
0,31,31,31,small_flower,20p,sav_013,Small Flower 3,52,0.005256,runtime,world_decor,"{""16"": 31}"
0,21,21,21,small_bush,20p,sav_013,Small Bush 1,53,0.00356,runtime,world_decor,"{""16"": 21}"
0,35,35,35,small_bush,20p,sav_013,Small Bush 2,54,0.005934,runtime,world_decor,"{""16"": 35}"
1,33,34,34,small_bush,20p,sav_013,Small Bush 3,55,0.005764,runtime,world_decor,"{""16"": 34}"
2,23,25,25,small_bush,20p,sav_013,Small Bush 4,56,0.004239,runtime,world_decor,"{""16"": 25}"
1,29,30,30,bush,20p,sav_013,Bush 1,57,0.005086,runtime,world_decor,"{""16"": 30}"
0,25,25,25,bush,20p,sav_013,Bush 2,58,0.004239,runtime,world_decor,"{""16"": 25}"
2,27,29,29,bush,20p,sav_013,Bush 3,59,0.004917,runtime,world_decor,"{""16"": 29}"
0,20,20,20,bush,20p,sav_013,Bush 4,60,0.003391,runtime,world_decor,"{""16"": 20}"
0,28,28,28,bush,20p,sav_013,Bush 5,61,0.004747,runtime,world_decor,"{""16"": 28}"
0,1,1,1,reed,20p,sav_013,Reed 6,67,0.00017,runtime,world_decor,"{""80"": 1}"
3,223,226,226,adult_tree,20p,sav_013,Birch 1,68,0.038317,runtime,world_decor,"{""16"": 223, ""21"": 1, ""24"": 2}"
4,247,251,251,adult_tree,20p,sav_013,Birch 2,69,0.042555,runtime,world_decor,"{""16"": 244, ""17"": 1, ""21"": 1, ""24"": 5}"
2,195,197,197,adult_tree,20p,sav_013,Elm 1,70,0.0334,runtime,world_decor,"{""16"": 196, ""17"": 1}"
14,240,254,254,adult_tree,20p,sav_013,Elm 2,71,0.043064,runtime,world_decor,"{""16"": 253, ""24"": 1}"
12,191,203,203,adult_tree,20p,sav_013,Oak,72,0.034417,runtime,world_decor,"{""16"": 200, ""21"": 2, ""24"": 1}"
6,232,238,238,adult_tree,20p,sav_013,Adult Tree 6,73,0.040351,runtime,world_decor,"{""16"": 237, ""24"": 1}"
4,180,184,184,adult_tree,20p,sav_013,Adult Tree 7,74,0.031196,runtime,world_decor,"{""16"": 184}"
5,187,192,192,adult_tree,20p,sav_013,Adult Tree 8,75,0.032552,runtime,world_decor,"{""16"": 192}"
7,201,208,208,adult_tree,20p,sav_013,Adult Tree 9,76,0.035265,runtime,world_decor,"{""16"": 208}"
12,191,203,203,adult_tree,20p,sav_013,Adult Tree 10,77,0.034417,runtime,world_decor,"{""16"": 203}"
0,6,6,6,palm,20p,sav_013,Palm 1,78,0.001017,runtime,world_decor,"{""64"": 6}"
0,10,10,10,palm,20p,sav_013,Palm 2,79,0.001695,runtime,world_decor,"{""64"": 10}"
8,317,325,325,adult_tree,20p,sav_013,Adult Tree 13,80,0.055101,runtime,world_decor,"{""16"": 325}"
6,323,329,329,adult_tree,20p,sav_013,Adult Tree 14,81,0.055779,runtime,world_decor,"{""16"": 329}"
0,43,43,43,reef,20p,sav_013,Reef 2,112,0.00729,runtime,world_decor,"{""16"": 36, ""24"": 7}"
0,258,258,258,reef,20p,sav_013,Reef 3,113,0.043742,runtime,world_decor,"{""16"": 222, ""18"": 1, ""20"": 1, ""24"": 34}"
6,126,132,132,building_stone,20p,sav_013,Building Stone 1,115,0.02238,runtime,world_decor,"{""16"": 132}"
2,133,135,135,building_stone,20p,sav_013,Building Stone 2,116,0.022888,runtime,world_decor,"{""16"": 135}"
5,141,146,146,building_stone,20p,sav_013,Building Stone 3,117,0.024753,runtime,world_decor,"{""16"": 146}"
2,120,122,122,building_stone,20p,sav_013,Building Stone 4,118,0.020684,runtime,world_decor,"{""16"": 121, ""23"": 1}"
3,123,126,126,building_stone,20p,sav_013,Building Stone 5,119,0.021362,runtime,world_decor,"{""16"": 126}"
8,131,139,139,building_stone,20p,sav_013,Building Stone 6,120,0.023566,runtime,world_decor,"{""16"": 139}"
0,120,120,120,building_stone,20p,sav_013,Building Stone 7,121,0.020345,runtime,world_decor,"{""16"": 120}"
0,143,143,143,building_stone,20p,sav_013,Building Stone 8,122,0.024245,runtime,world_decor,"{""16"": 143}"
0,156,156,156,building_stone,20p,sav_013,Building Stone 9,123,0.026449,runtime,world_decor,"{""16"": 156}"
4,124,128,128,building_stone,20p,sav_013,Building Stone 10,124,0.021701,runtime,world_decor,"{""16"": 128}"
3,136,139,139,building_stone,20p,sav_013,Building Stone 11,125,0.023566,runtime,world_decor,"{""16"": 139}"
2,118,120,120,building_stone,20p,sav_013,Building Stone 12,126,0.020345,runtime,world_decor,"{""16"": 119, ""23"": 1}"
0,14,14,14,building_stone,20p,sav_013,Building Stone 13,127,0.002374,runtime,world_decor,"{""16"": 14}"
18,2,20,20,territory_marker,20p,sav_013,Red flag,255,0.003391,runtime,runtime_overlay,"{""21"": 1, ""28"": 19}"
0,34,34,34,big_stone,20p,sav_014,Big Stone 1,1,0.005764,static,world_decor,"{""16"": 34}"
0,38,38,38,big_stone,20p,sav_014,Big Stone 2,2,0.006443,static,world_decor,"{""16"": 38}"
1,29,30,30,big_stone,20p,sav_014,Big Stone 3,3,0.005086,static,world_decor,"{""16"": 30}"
3,29,32,32,big_stone,20p,sav_014,Big Stone 4,4,0.005425,static,world_decor,"{""16"": 32}"
0,27,27,27,big_stone,20p,sav_014,Big Stone 5,5,0.004578,static,world_decor,"{""16"": 27}"
0,33,33,33,big_stone,20p,sav_014,Big Stone 6,6,0.005595,static,world_decor,"{""16"": 33}"
2,38,40,40,big_stone,20p,sav_014,Big Stone 7,7,0.006782,static,world_decor,"{""16"": 40}"
1,32,33,33,big_stone,20p,sav_014,Big Stone 8,8,0.005595,static,world_decor,"{""16"": 32, ""28"": 1}"
2,29,31,31,decorative_stone,20p,sav_014,Decorative Stone 1,9,0.005256,static,world_decor,"{""16"": 31}"
0,36,36,36,decorative_stone,20p,sav_014,Decorative Stone 2,10,0.006104,static,world_decor,"{""16"": 36}"
2,26,28,28,decorative_stone,20p,sav_014,Decorative Stone 3,11,0.004747,static,world_decor,"{""16"": 28}"
1,31,32,32,decorative_stone,20p,sav_014,Decorative Stone 4,12,0.005425,static,world_decor,"{""16"": 32}"
2,30,32,32,border_stone,20p,sav_014,Border Stone 1,13,0.005425,static,world_decor,"{""16"": 32}"
1,30,31,31,border_stone,20p,sav_014,Border Stone 2,14,0.005256,static,world_decor,"{""16"": 31}"
1,36,37,37,border_stone,20p,sav_014,Border Stone 3,15,0.006273,static,world_decor,"{""16"": 37}"
2,24,26,26,border_stone,20p,sav_014,Border Stone 4,16,0.004408,static,world_decor,"{""16"": 26}"
0,30,30,30,border_stone,20p,sav_014,Border Stone 5,17,0.005086,static,world_decor,"{""16"": 30}"
3,24,27,27,border_stone,20p,sav_014,Border Stone 6,18,0.004578,static,world_decor,"{""16"": 27}"
2,24,26,26,border_stone,20p,sav_014,Border Stone 7,19,0.004408,static,world_decor,"{""16"": 26}"
0,30,30,30,border_stone,20p,sav_014,Border Stone 8,20,0.005086,static,world_decor,"{""16"": 30}"
0,30,30,30,small_stone,20p,sav_014,Small Stone 1,21,0.005086,static,world_decor,"{""16"": 30}"
0,35,35,35,small_stone,20p,sav_014,Small Stone 2,22,0.005934,static,world_decor,"{""16"": 35}"
0,27,27,27,small_stone,20p,sav_014,Small Stone 3,23,0.004578,static,world_decor,"{""16"": 27}"
1,29,30,30,small_stone,20p,sav_014,Small Stone 4,24,0.005086,static,world_decor,"{""16"": 30}"
0,18,18,18,small_stone,20p,sav_014,Small Stone 5,25,0.003052,static,world_decor,"{""16"": 18}"
0,34,34,34,small_stone,20p,sav_014,Small Stone 6,26,0.005764,static,world_decor,"{""16"": 34}"
1,34,35,35,small_stone,20p,sav_014,Small Stone 7,27,0.005934,static,world_decor,"{""16"": 35}"
2,26,28,28,small_stone,20p,sav_014,Small Stone 8,28,0.004747,static,world_decor,"{""16"": 28}"
0,1,1,1,wreck,20p,sav_014,Wreck 1,29,0.00017,static,world_decor,"{""48"": 1}"
0,1,1,1,wreck,20p,sav_014,Wreck 2,30,0.00017,static,world_decor,"{""48"": 1}"
0,1,1,1,wreck,20p,sav_014,Wreck 4,32,0.00017,static,world_decor,"{""48"": 1}"
0,1,1,1,wreck,20p,sav_014,Wreck 5,33,0.00017,static,world_decor,"{""48"": 1}"
0,26,26,26,grave,20p,sav_014,Grave,34,0.004408,static,world_decor,"{""16"": 26}"
0,38,38,38,small_plant,20p,sav_014,Small Plant 1,35,0.006443,static,world_decor,"{""16"": 38}"
0,30,30,30,small_plant,20p,sav_014,Small Plant 2,36,0.005086,static,world_decor,"{""16"": 30}"
2,33,35,35,small_plant,20p,sav_014,Small Plant 3,37,0.005934,static,world_decor,"{""16"": 34, ""28"": 1}"
0,25,25,25,toadstool,20p,sav_014,Toadstool 1,38,0.004239,static,world_decor,"{""16"": 25}"
1,28,29,29,toadstool,20p,sav_014,Toadstool 2,39,0.004917,static,world_decor,"{""16"": 29}"
2,24,26,26,toadstool,20p,sav_014,Toadstool 3,40,0.004408,static,world_decor,"{""16"": 26}"
1,23,24,24,stump,20p,sav_014,Tree Stump 1,41,0.004069,static,world_decor,"{""16"": 24}"
3,40,43,43,stump,20p,sav_014,Tree Stump 2,42,0.00729,static,world_decor,"{""16"": 43}"
0,1,1,1,dead_tree,20p,sav_014,Dead Tree 1,43,0.00017,static,world_decor,"{""64"": 1}"
0,2,2,2,dead_tree,20p,sav_014,Dead Tree 2,44,0.000339,static,world_decor,"{""64"": 2}"
0,7,7,7,cactus,20p,sav_014,Cactus 1,45,0.001187,static,world_decor,"{""64"": 7}"
0,7,7,7,cactus,20p,sav_014,Cactus 2,46,0.001187,static,world_decor,"{""64"": 7}"
0,8,8,8,cactus,20p,sav_014,Cactus 3,47,0.001356,static,world_decor,"{""64"": 8}"
0,6,6,6,cactus,20p,sav_014,Cactus 4,48,0.001017,static,world_decor,"{""64"": 6}"
0,4,4,4,skeleton,20p,sav_014,Skeleton,49,0.000678,static,world_decor,"{""64"": 4}"
0,25,25,25,small_flower,20p,sav_014,Small Flower 1,50,0.004239,static,world_decor,"{""16"": 25}"
1,25,26,26,small_flower,20p,sav_014,Small Flower 2,51,0.004408,static,world_decor,"{""16"": 26}"
1,32,33,33,small_flower,20p,sav_014,Small Flower 3,52,0.005595,static,world_decor,"{""16"": 33}"
2,25,27,27,small_bush,20p,sav_014,Small Bush 1,53,0.004578,static,world_decor,"{""16"": 27}"
0,19,19,19,small_bush,20p,sav_014,Small Bush 2,54,0.003221,static,world_decor,"{""16"": 19}"
1,32,33,33,small_bush,20p,sav_014,Small Bush 3,55,0.005595,static,world_decor,"{""16"": 33}"
1,29,30,30,small_bush,20p,sav_014,Small Bush 4,56,0.005086,static,world_decor,"{""16"": 30}"
1,34,35,35,bush,20p,sav_014,Bush 1,57,0.005934,static,world_decor,"{""16"": 35}"
0,27,27,27,bush,20p,sav_014,Bush 2,58,0.004578,static,world_decor,"{""16"": 27}"
0,30,30,30,bush,20p,sav_014,Bush 3,59,0.005086,static,world_decor,"{""16"": 30}"
0,30,30,30,bush,20p,sav_014,Bush 4,60,0.005086,static,world_decor,"{""16"": 30}"
2,34,36,36,bush,20p,sav_014,Bush 5,61,0.006104,static,world_decor,"{""16"": 36}"
6,227,233,233,adult_tree,20p,sav_014,Birch 1,68,0.039503,static,world_decor,"{""16"": 229, ""17"": 2, ""23"": 1, ""24"": 1}"
3,231,234,234,adult_tree,20p,sav_014,Birch 2,69,0.039673,static,world_decor,"{""16"": 232, ""24"": 2}"
2,221,223,223,adult_tree,20p,sav_014,Elm 1,70,0.037808,static,world_decor,"{""16"": 219, ""17"": 2, ""20"": 2}"
1,186,187,187,adult_tree,20p,sav_014,Elm 2,71,0.031704,static,world_decor,"{""16"": 185, ""24"": 2}"
15,195,210,210,adult_tree,20p,sav_014,Oak,72,0.035604,static,world_decor,"{""16"": 208, ""17"": 1, ""23"": 1}"
11,213,224,224,adult_tree,20p,sav_014,Adult Tree 6,73,0.037977,static,world_decor,"{""16"": 223, ""24"": 1}"
6,188,194,194,adult_tree,20p,sav_014,Adult Tree 7,74,0.032891,static,world_decor,"{""16"": 194}"
6,188,194,194,adult_tree,20p,sav_014,Adult Tree 8,75,0.032891,static,world_decor,"{""16"": 194}"
2,184,186,186,adult_tree,20p,sav_014,Adult Tree 9,76,0.031535,static,world_decor,"{""16"": 186}"
3,178,181,181,adult_tree,20p,sav_014,Adult Tree 10,77,0.030687,static,world_decor,"{""16"": 181}"
0,10,10,10,palm,20p,sav_014,Palm 1,78,0.001695,static,world_decor,"{""64"": 10}"
0,12,12,12,palm,20p,sav_014,Palm 2,79,0.002035,static,world_decor,"{""64"": 12}"
9,341,350,350,adult_tree,20p,sav_014,Adult Tree 13,80,0.05934,static,world_decor,"{""16"": 350}"
10,314,324,324,adult_tree,20p,sav_014,Adult Tree 14,81,0.054932,static,world_decor,"{""16"": 324}"
3,142,145,145,building_stone,20p,sav_014,Building Stone 1,115,0.024584,static,world_decor,"{""16"": 145}"
5,114,119,119,building_stone,20p,sav_014,Building Stone 2,116,0.020176,static,world_decor,"{""16"": 119}"
4,130,134,134,building_stone,20p,sav_014,Building Stone 3,117,0.022719,static,world_decor,"{""16"": 134}"
4,154,158,158,building_stone,20p,sav_014,Building Stone 4,118,0.026788,static,world_decor,"{""16"": 158}"
3,141,144,144,building_stone,20p,sav_014,Building Stone 5,119,0.024414,static,world_decor,"{""16"": 144}"
5,145,150,150,building_stone,20p,sav_014,Building Stone 6,120,0.025431,static,world_decor,"{""16"": 150}"
3,101,104,104,building_stone,20p,sav_014,Building Stone 7,121,0.017632,static,world_decor,"{""16"": 104}"
3,123,126,126,building_stone,20p,sav_014,Building Stone 8,122,0.021362,static,world_decor,"{""16"": 126}"
2,142,144,144,building_stone,20p,sav_014,Building Stone 9,123,0.024414,static,world_decor,"{""16"": 144}"
3,129,132,132,building_stone,20p,sav_014,Building Stone 10,124,0.02238,static,world_decor,"{""16"": 132}"
4,126,130,130,building_stone,20p,sav_014,Building Stone 11,125,0.02204,static,world_decor,"{""16"": 130}"
2,137,139,139,building_stone,20p,sav_014,Building Stone 12,126,0.023566,static,world_decor,"{""16"": 139}"
1,14,15,15,building_stone,20p,sav_014,Building Stone 13,127,0.002543,static,world_decor,"{""16"": 15}"
0,34,34,34,big_stone,20p,sav_014,Big Stone 1,1,0.005764,runtime,world_decor,"{""16"": 34}"
0,38,38,38,big_stone,20p,sav_014,Big Stone 2,2,0.006443,runtime,world_decor,"{""16"": 38}"
1,29,30,30,big_stone,20p,sav_014,Big Stone 3,3,0.005086,runtime,world_decor,"{""16"": 30}"
3,29,32,32,big_stone,20p,sav_014,Big Stone 4,4,0.005425,runtime,world_decor,"{""16"": 32}"
0,27,27,27,big_stone,20p,sav_014,Big Stone 5,5,0.004578,runtime,world_decor,"{""16"": 27}"
0,33,33,33,big_stone,20p,sav_014,Big Stone 6,6,0.005595,runtime,world_decor,"{""16"": 33}"
2,38,40,40,big_stone,20p,sav_014,Big Stone 7,7,0.006782,runtime,world_decor,"{""16"": 40}"
0,32,32,32,big_stone,20p,sav_014,Big Stone 8,8,0.005425,runtime,world_decor,"{""16"": 32}"
2,29,31,31,decorative_stone,20p,sav_014,Decorative Stone 1,9,0.005256,runtime,world_decor,"{""16"": 31}"
0,36,36,36,decorative_stone,20p,sav_014,Decorative Stone 2,10,0.006104,runtime,world_decor,"{""16"": 36}"
2,26,28,28,decorative_stone,20p,sav_014,Decorative Stone 3,11,0.004747,runtime,world_decor,"{""16"": 28}"
1,31,32,32,decorative_stone,20p,sav_014,Decorative Stone 4,12,0.005425,runtime,world_decor,"{""16"": 32}"
2,30,32,32,border_stone,20p,sav_014,Border Stone 1,13,0.005425,runtime,world_decor,"{""16"": 32}"
1,30,31,31,border_stone,20p,sav_014,Border Stone 2,14,0.005256,runtime,world_decor,"{""16"": 31}"
1,36,37,37,border_stone,20p,sav_014,Border Stone 3,15,0.006273,runtime,world_decor,"{""16"": 37}"
2,24,26,26,border_stone,20p,sav_014,Border Stone 4,16,0.004408,runtime,world_decor,"{""16"": 26}"
0,30,30,30,border_stone,20p,sav_014,Border Stone 5,17,0.005086,runtime,world_decor,"{""16"": 30}"
3,24,27,27,border_stone,20p,sav_014,Border Stone 6,18,0.004578,runtime,world_decor,"{""16"": 27}"
2,24,26,26,border_stone,20p,sav_014,Border Stone 7,19,0.004408,runtime,world_decor,"{""16"": 26}"
0,30,30,30,border_stone,20p,sav_014,Border Stone 8,20,0.005086,runtime,world_decor,"{""16"": 30}"
0,30,30,30,small_stone,20p,sav_014,Small Stone 1,21,0.005086,runtime,world_decor,"{""16"": 30}"
0,35,35,35,small_stone,20p,sav_014,Small Stone 2,22,0.005934,runtime,world_decor,"{""16"": 35}"
0,27,27,27,small_stone,20p,sav_014,Small Stone 3,23,0.004578,runtime,world_decor,"{""16"": 27}"
1,28,29,29,small_stone,20p,sav_014,Small Stone 4,24,0.004917,runtime,world_decor,"{""16"": 29}"
0,18,18,18,small_stone,20p,sav_014,Small Stone 5,25,0.003052,runtime,world_decor,"{""16"": 18}"
0,34,34,34,small_stone,20p,sav_014,Small Stone 6,26,0.005764,runtime,world_decor,"{""16"": 34}"
1,33,34,34,small_stone,20p,sav_014,Small Stone 7,27,0.005764,runtime,world_decor,"{""16"": 34}"
2,26,28,28,small_stone,20p,sav_014,Small Stone 8,28,0.004747,runtime,world_decor,"{""16"": 28}"
0,1,1,1,wreck,20p,sav_014,Wreck 1,29,0.00017,runtime,world_decor,"{""48"": 1}"
0,1,1,1,wreck,20p,sav_014,Wreck 2,30,0.00017,runtime,world_decor,"{""48"": 1}"
0,1,1,1,wreck,20p,sav_014,Wreck 4,32,0.00017,runtime,world_decor,"{""48"": 1}"
0,1,1,1,wreck,20p,sav_014,Wreck 5,33,0.00017,runtime,world_decor,"{""48"": 1}"
0,26,26,26,grave,20p,sav_014,Grave,34,0.004408,runtime,world_decor,"{""16"": 26}"
0,38,38,38,small_plant,20p,sav_014,Small Plant 1,35,0.006443,runtime,world_decor,"{""16"": 38}"
0,30,30,30,small_plant,20p,sav_014,Small Plant 2,36,0.005086,runtime,world_decor,"{""16"": 30}"
2,32,34,34,small_plant,20p,sav_014,Small Plant 3,37,0.005764,runtime,world_decor,"{""16"": 33, ""28"": 1}"
0,25,25,25,toadstool,20p,sav_014,Toadstool 1,38,0.004239,runtime,world_decor,"{""16"": 25}"
1,28,29,29,toadstool,20p,sav_014,Toadstool 2,39,0.004917,runtime,world_decor,"{""16"": 29}"
2,24,26,26,toadstool,20p,sav_014,Toadstool 3,40,0.004408,runtime,world_decor,"{""16"": 26}"
1,23,24,24,stump,20p,sav_014,Tree Stump 1,41,0.004069,runtime,world_decor,"{""16"": 24}"
3,40,43,43,stump,20p,sav_014,Tree Stump 2,42,0.00729,runtime,world_decor,"{""16"": 43}"
0,1,1,1,dead_tree,20p,sav_014,Dead Tree 1,43,0.00017,runtime,world_decor,"{""64"": 1}"
0,2,2,2,dead_tree,20p,sav_014,Dead Tree 2,44,0.000339,runtime,world_decor,"{""64"": 2}"
0,7,7,7,cactus,20p,sav_014,Cactus 1,45,0.001187,runtime,world_decor,"{""64"": 7}"
0,7,7,7,cactus,20p,sav_014,Cactus 2,46,0.001187,runtime,world_decor,"{""64"": 7}"
0,8,8,8,cactus,20p,sav_014,Cactus 3,47,0.001356,runtime,world_decor,"{""64"": 8}"
0,6,6,6,cactus,20p,sav_014,Cactus 4,48,0.001017,runtime,world_decor,"{""64"": 6}"
0,4,4,4,skeleton,20p,sav_014,Skeleton,49,0.000678,runtime,world_decor,"{""64"": 4}"
0,25,25,25,small_flower,20p,sav_014,Small Flower 1,50,0.004239,runtime,world_decor,"{""16"": 25}"
1,23,24,24,small_flower,20p,sav_014,Small Flower 2,51,0.004069,runtime,world_decor,"{""16"": 24}"
1,32,33,33,small_flower,20p,sav_014,Small Flower 3,52,0.005595,runtime,world_decor,"{""16"": 33}"
2,25,27,27,small_bush,20p,sav_014,Small Bush 1,53,0.004578,runtime,world_decor,"{""16"": 27}"
0,19,19,19,small_bush,20p,sav_014,Small Bush 2,54,0.003221,runtime,world_decor,"{""16"": 19}"
1,32,33,33,small_bush,20p,sav_014,Small Bush 3,55,0.005595,runtime,world_decor,"{""16"": 33}"
1,29,30,30,small_bush,20p,sav_014,Small Bush 4,56,0.005086,runtime,world_decor,"{""16"": 30}"
1,34,35,35,bush,20p,sav_014,Bush 1,57,0.005934,runtime,world_decor,"{""16"": 35}"
0,27,27,27,bush,20p,sav_014,Bush 2,58,0.004578,runtime,world_decor,"{""16"": 27}"
0,30,30,30,bush,20p,sav_014,Bush 3,59,0.005086,runtime,world_decor,"{""16"": 30}"
0,30,30,30,bush,20p,sav_014,Bush 4,60,0.005086,runtime,world_decor,"{""16"": 30}"
2,34,36,36,bush,20p,sav_014,Bush 5,61,0.006104,runtime,world_decor,"{""16"": 36}"
6,227,233,233,adult_tree,20p,sav_014,Birch 1,68,0.039503,runtime,world_decor,"{""16"": 229, ""17"": 2, ""23"": 1, ""24"": 1}"
3,231,234,234,adult_tree,20p,sav_014,Birch 2,69,0.039673,runtime,world_decor,"{""16"": 232, ""24"": 2}"
2,221,223,223,adult_tree,20p,sav_014,Elm 1,70,0.037808,runtime,world_decor,"{""16"": 219, ""17"": 2, ""20"": 2}"
1,186,187,187,adult_tree,20p,sav_014,Elm 2,71,0.031704,runtime,world_decor,"{""16"": 185, ""24"": 2}"
15,195,210,210,adult_tree,20p,sav_014,Oak,72,0.035604,runtime,world_decor,"{""16"": 208, ""17"": 1, ""23"": 1}"
11,213,224,224,adult_tree,20p,sav_014,Adult Tree 6,73,0.037977,runtime,world_decor,"{""16"": 223, ""24"": 1}"
6,188,194,194,adult_tree,20p,sav_014,Adult Tree 7,74,0.032891,runtime,world_decor,"{""16"": 194}"
6,188,194,194,adult_tree,20p,sav_014,Adult Tree 8,75,0.032891,runtime,world_decor,"{""16"": 194}"
2,184,186,186,adult_tree,20p,sav_014,Adult Tree 9,76,0.031535,runtime,world_decor,"{""16"": 186}"
3,178,181,181,adult_tree,20p,sav_014,Adult Tree 10,77,0.030687,runtime,world_decor,"{""16"": 181}"
0,10,10,10,palm,20p,sav_014,Palm 1,78,0.001695,runtime,world_decor,"{""64"": 10}"
0,12,12,12,palm,20p,sav_014,Palm 2,79,0.002035,runtime,world_decor,"{""64"": 12}"
9,341,350,350,adult_tree,20p,sav_014,Adult Tree 13,80,0.05934,runtime,world_decor,"{""16"": 350}"
10,314,324,324,adult_tree,20p,sav_014,Adult Tree 14,81,0.054932,runtime,world_decor,"{""16"": 324}"
0,43,43,43,reef,20p,sav_014,Reef 2,112,0.00729,runtime,world_decor,"{""16"": 37, ""19"": 1, ""24"": 5}"
0,258,258,258,reef,20p,sav_014,Reef 3,113,0.043742,runtime,world_decor,"{""145"": 1, ""16"": 232, ""19"": 1, ""23"": 1, ""24"": 23}"
3,142,145,145,building_stone,20p,sav_014,Building Stone 1,115,0.024584,runtime,world_decor,"{""16"": 145}"
5,114,119,119,building_stone,20p,sav_014,Building Stone 2,116,0.020176,runtime,world_decor,"{""16"": 119}"
4,130,134,134,building_stone,20p,sav_014,Building Stone 3,117,0.022719,runtime,world_decor,"{""16"": 134}"
4,154,158,158,building_stone,20p,sav_014,Building Stone 4,118,0.026788,runtime,world_decor,"{""16"": 158}"
3,141,144,144,building_stone,20p,sav_014,Building Stone 5,119,0.024414,runtime,world_decor,"{""16"": 144}"
5,145,150,150,building_stone,20p,sav_014,Building Stone 6,120,0.025431,runtime,world_decor,"{""16"": 150}"
3,101,104,104,building_stone,20p,sav_014,Building Stone 7,121,0.017632,runtime,world_decor,"{""16"": 104}"
3,123,126,126,building_stone,20p,sav_014,Building Stone 8,122,0.021362,runtime,world_decor,"{""16"": 126}"
2,142,144,144,building_stone,20p,sav_014,Building Stone 9,123,0.024414,runtime,world_decor,"{""16"": 144}"
3,129,132,132,building_stone,20p,sav_014,Building Stone 10,124,0.02238,runtime,world_decor,"{""16"": 132}"
4,126,130,130,building_stone,20p,sav_014,Building Stone 11,125,0.02204,runtime,world_decor,"{""16"": 130}"
2,137,139,139,building_stone,20p,sav_014,Building Stone 12,126,0.023566,runtime,world_decor,"{""16"": 139}"
1,14,15,15,building_stone,20p,sav_014,Building Stone 13,127,0.002543,runtime,world_decor,"{""16"": 15}"
16,4,20,20,territory_marker,20p,sav_014,Red flag,255,0.003391,runtime,runtime_overlay,"{""16"": 2, ""28"": 18}"
0,29,29,29,big_stone,20p,sav_015,Big Stone 1,1,0.004917,static,world_decor,"{""16"": 29}"
3,16,19,19,big_stone,20p,sav_015,Big Stone 2,2,0.003221,static,world_decor,"{""16"": 19}"
1,33,34,34,big_stone,20p,sav_015,Big Stone 3,3,0.005764,static,world_decor,"{""16"": 34}"
1,27,28,28,big_stone,20p,sav_015,Big Stone 4,4,0.004747,static,world_decor,"{""16"": 28}"
0,27,27,27,big_stone,20p,sav_015,Big Stone 5,5,0.004578,static,world_decor,"{""16"": 27}"
0,28,28,28,big_stone,20p,sav_015,Big Stone 6,6,0.004747,static,world_decor,"{""16"": 28}"
1,22,23,23,big_stone,20p,sav_015,Big Stone 7,7,0.003899,static,world_decor,"{""16"": 23}"
0,26,26,26,big_stone,20p,sav_015,Big Stone 8,8,0.004408,static,world_decor,"{""16"": 25, ""28"": 1}"
0,25,25,25,decorative_stone,20p,sav_015,Decorative Stone 1,9,0.004239,static,world_decor,"{""16"": 25}"
2,30,32,32,decorative_stone,20p,sav_015,Decorative Stone 2,10,0.005425,static,world_decor,"{""16"": 31, ""28"": 1}"
1,24,25,25,decorative_stone,20p,sav_015,Decorative Stone 3,11,0.004239,static,world_decor,"{""16"": 25}"
0,20,20,20,decorative_stone,20p,sav_015,Decorative Stone 4,12,0.003391,static,world_decor,"{""16"": 20}"
0,29,29,29,border_stone,20p,sav_015,Border Stone 1,13,0.004917,static,world_decor,"{""16"": 29}"
0,21,21,21,border_stone,20p,sav_015,Border Stone 2,14,0.00356,static,world_decor,"{""16"": 21}"
1,26,27,27,border_stone,20p,sav_015,Border Stone 3,15,0.004578,static,world_decor,"{""16"": 27}"
0,31,31,31,border_stone,20p,sav_015,Border Stone 4,16,0.005256,static,world_decor,"{""16"": 31}"
0,30,30,30,border_stone,20p,sav_015,Border Stone 5,17,0.005086,static,world_decor,"{""16"": 30}"
1,26,27,27,border_stone,20p,sav_015,Border Stone 6,18,0.004578,static,world_decor,"{""16"": 27}"
0,34,34,34,border_stone,20p,sav_015,Border Stone 7,19,0.005764,static,world_decor,"{""16"": 34}"
0,29,29,29,border_stone,20p,sav_015,Border Stone 8,20,0.004917,static,world_decor,"{""16"": 29}"
2,30,32,32,small_stone,20p,sav_015,Small Stone 1,21,0.005425,static,world_decor,"{""16"": 32}"
0,20,20,20,small_stone,20p,sav_015,Small Stone 2,22,0.003391,static,world_decor,"{""16"": 20}"
1,23,24,24,small_stone,20p,sav_015,Small Stone 3,23,0.004069,static,world_decor,"{""16"": 24}"
0,37,37,37,small_stone,20p,sav_015,Small Stone 4,24,0.006273,static,world_decor,"{""16"": 37}"
1,24,25,25,small_stone,20p,sav_015,Small Stone 5,25,0.004239,static,world_decor,"{""16"": 25}"
0,23,23,23,small_stone,20p,sav_015,Small Stone 6,26,0.003899,static,world_decor,"{""16"": 23}"
0,26,26,26,small_stone,20p,sav_015,Small Stone 7,27,0.004408,static,world_decor,"{""16"": 26}"
1,21,22,22,small_stone,20p,sav_015,Small Stone 8,28,0.00373,static,world_decor,"{""16"": 22}"
0,3,3,3,wreck,20p,sav_015,Wreck 1,29,0.000509,static,world_decor,"{""48"": 3}"
0,3,3,3,wreck,20p,sav_015,Wreck 2,30,0.000509,static,world_decor,"{""48"": 3}"
0,1,1,1,wreck,20p,sav_015,Wreck 4,32,0.00017,static,world_decor,"{""48"": 1}"
1,31,32,32,grave,20p,sav_015,Grave,34,0.005425,static,world_decor,"{""16"": 32}"
1,26,27,27,small_plant,20p,sav_015,Small Plant 1,35,0.004578,static,world_decor,"{""16"": 27}"
2,24,26,26,small_plant,20p,sav_015,Small Plant 2,36,0.004408,static,world_decor,"{""16"": 26}"
0,25,25,25,small_plant,20p,sav_015,Small Plant 3,37,0.004239,static,world_decor,"{""16"": 25}"
1,24,25,25,toadstool,20p,sav_015,Toadstool 1,38,0.004239,static,world_decor,"{""16"": 25}"
1,27,28,28,toadstool,20p,sav_015,Toadstool 2,39,0.004747,static,world_decor,"{""16"": 28}"
1,33,34,34,toadstool,20p,sav_015,Toadstool 3,40,0.005764,static,world_decor,"{""16"": 33, ""28"": 1}"
2,28,30,30,stump,20p,sav_015,Tree Stump 1,41,0.005086,static,world_decor,"{""16"": 30}"
0,31,31,31,stump,20p,sav_015,Tree Stump 2,42,0.005256,static,world_decor,"{""16"": 31}"
0,6,6,6,dead_tree,20p,sav_015,Dead Tree 1,43,0.001017,static,world_decor,"{""64"": 6}"
0,3,3,3,dead_tree,20p,sav_015,Dead Tree 2,44,0.000509,static,world_decor,"{""64"": 3}"
0,8,8,8,cactus,20p,sav_015,Cactus 1,45,0.001356,static,world_decor,"{""64"": 8}"
0,5,5,5,cactus,20p,sav_015,Cactus 2,46,0.000848,static,world_decor,"{""64"": 5}"
0,3,3,3,cactus,20p,sav_015,Cactus 3,47,0.000509,static,world_decor,"{""64"": 3}"
0,3,3,3,cactus,20p,sav_015,Cactus 4,48,0.000509,static,world_decor,"{""64"": 3}"
3,4,7,7,skeleton,20p,sav_015,Skeleton,49,0.001187,static,world_decor,"{""64"": 7}"
0,28,28,28,small_flower,20p,sav_015,Small Flower 1,50,0.004747,static,world_decor,"{""16"": 28}"
0,24,24,24,small_flower,20p,sav_015,Small Flower 2,51,0.004069,static,world_decor,"{""16"": 24}"
0,24,24,24,small_flower,20p,sav_015,Small Flower 3,52,0.004069,static,world_decor,"{""16"": 24}"
1,27,28,28,small_bush,20p,sav_015,Small Bush 1,53,0.004747,static,world_decor,"{""16"": 28}"
1,29,30,30,small_bush,20p,sav_015,Small Bush 2,54,0.005086,static,world_decor,"{""16"": 30}"
1,28,29,29,small_bush,20p,sav_015,Small Bush 3,55,0.004917,static,world_decor,"{""16"": 29}"
2,26,28,28,small_bush,20p,sav_015,Small Bush 4,56,0.004747,static,world_decor,"{""16"": 27, ""28"": 1}"
0,26,26,26,bush,20p,sav_015,Bush 1,57,0.004408,static,world_decor,"{""16"": 26}"
0,30,30,30,bush,20p,sav_015,Bush 2,58,0.005086,static,world_decor,"{""16"": 29, ""28"": 1}"
0,25,25,25,bush,20p,sav_015,Bush 3,59,0.004239,static,world_decor,"{""16"": 25}"
0,29,29,29,bush,20p,sav_015,Bush 4,60,0.004917,static,world_decor,"{""16"": 29}"
0,25,25,25,bush,20p,sav_015,Bush 5,61,0.004239,static,world_decor,"{""16"": 25}"
6,217,223,223,adult_tree,20p,sav_015,Birch 1,68,0.037808,static,world_decor,"{""16"": 222, ""21"": 1}"
8,198,206,206,adult_tree,20p,sav_015,Birch 2,69,0.034926,static,world_decor,"{""16"": 205, ""17"": 1}"
5,189,194,194,adult_tree,20p,sav_015,Elm 1,70,0.032891,static,world_decor,"{""16"": 193, ""20"": 1}"
9,200,209,209,adult_tree,20p,sav_015,Elm 2,71,0.035434,static,world_decor,"{""16"": 208, ""21"": 1}"
2,169,171,171,adult_tree,20p,sav_015,Oak,72,0.028992,static,world_decor,"{""16"": 169, ""24"": 2}"
8,180,188,188,adult_tree,20p,sav_015,Adult Tree 6,73,0.031874,static,world_decor,"{""16"": 187, ""24"": 1}"
7,178,185,185,adult_tree,20p,sav_015,Adult Tree 7,74,0.031365,static,world_decor,"{""16"": 185}"
9,163,172,172,adult_tree,20p,sav_015,Adult Tree 8,75,0.029161,static,world_decor,"{""16"": 172}"
3,146,149,149,adult_tree,20p,sav_015,Adult Tree 9,76,0.025262,static,world_decor,"{""16"": 149}"
1,158,159,159,adult_tree,20p,sav_015,Adult Tree 10,77,0.026957,static,world_decor,"{""16"": 159}"
4,15,19,19,palm,20p,sav_015,Palm 1,78,0.003221,static,world_decor,"{""64"": 19}"
0,25,25,25,palm,20p,sav_015,Palm 2,79,0.004239,static,world_decor,"{""64"": 25}"
4,337,341,341,adult_tree,20p,sav_015,Adult Tree 13,80,0.057814,static,world_decor,"{""16"": 341}"
7,326,333,333,adult_tree,20p,sav_015,Adult Tree 14,81,0.056458,static,world_decor,"{""16"": 333}"
0,126,126,126,building_stone,20p,sav_015,Building Stone 1,115,0.021362,static,world_decor,"{""16"": 126}"
1,119,120,120,building_stone,20p,sav_015,Building Stone 2,116,0.020345,static,world_decor,"{""16"": 120}"
0,136,136,136,building_stone,20p,sav_015,Building Stone 3,117,0.023058,static,world_decor,"{""16"": 135, ""24"": 1}"
3,113,116,116,building_stone,20p,sav_015,Building Stone 4,118,0.019667,static,world_decor,"{""16"": 116}"
3,110,113,113,building_stone,20p,sav_015,Building Stone 5,119,0.019158,static,world_decor,"{""16"": 113}"
1,126,127,127,building_stone,20p,sav_015,Building Stone 6,120,0.021532,static,world_decor,"{""16"": 126, ""24"": 1}"
3,122,125,125,building_stone,20p,sav_015,Building Stone 7,121,0.021193,static,world_decor,"{""16"": 124, ""21"": 1}"
4,116,120,120,building_stone,20p,sav_015,Building Stone 8,122,0.020345,static,world_decor,"{""16"": 120}"
1,126,127,127,building_stone,20p,sav_015,Building Stone 9,123,0.021532,static,world_decor,"{""16"": 127}"
1,126,127,127,building_stone,20p,sav_015,Building Stone 10,124,0.021532,static,world_decor,"{""16"": 127}"
1,117,118,118,building_stone,20p,sav_015,Building Stone 11,125,0.020006,static,world_decor,"{""16"": 117, ""24"": 1}"
4,124,128,128,building_stone,20p,sav_015,Building Stone 12,126,0.021701,static,world_decor,"{""16"": 128}"
0,15,15,15,building_stone,20p,sav_015,Building Stone 13,127,0.002543,static,world_decor,"{""16"": 15}"
0,29,29,29,big_stone,20p,sav_015,Big Stone 1,1,0.004917,runtime,world_decor,"{""16"": 29}"
3,16,19,19,big_stone,20p,sav_015,Big Stone 2,2,0.003221,runtime,world_decor,"{""16"": 19}"
1,33,34,34,big_stone,20p,sav_015,Big Stone 3,3,0.005764,runtime,world_decor,"{""16"": 34}"
1,27,28,28,big_stone,20p,sav_015,Big Stone 4,4,0.004747,runtime,world_decor,"{""16"": 28}"
0,27,27,27,big_stone,20p,sav_015,Big Stone 5,5,0.004578,runtime,world_decor,"{""16"": 27}"
0,28,28,28,big_stone,20p,sav_015,Big Stone 6,6,0.004747,runtime,world_decor,"{""16"": 28}"
1,22,23,23,big_stone,20p,sav_015,Big Stone 7,7,0.003899,runtime,world_decor,"{""16"": 23}"
0,25,25,25,big_stone,20p,sav_015,Big Stone 8,8,0.004239,runtime,world_decor,"{""16"": 25}"
0,25,25,25,decorative_stone,20p,sav_015,Decorative Stone 1,9,0.004239,runtime,world_decor,"{""16"": 25}"
2,30,32,32,decorative_stone,20p,sav_015,Decorative Stone 2,10,0.005425,runtime,world_decor,"{""16"": 31, ""28"": 1}"
1,24,25,25,decorative_stone,20p,sav_015,Decorative Stone 3,11,0.004239,runtime,world_decor,"{""16"": 25}"
0,20,20,20,decorative_stone,20p,sav_015,Decorative Stone 4,12,0.003391,runtime,world_decor,"{""16"": 20}"
0,29,29,29,border_stone,20p,sav_015,Border Stone 1,13,0.004917,runtime,world_decor,"{""16"": 29}"
0,21,21,21,border_stone,20p,sav_015,Border Stone 2,14,0.00356,runtime,world_decor,"{""16"": 21}"
1,26,27,27,border_stone,20p,sav_015,Border Stone 3,15,0.004578,runtime,world_decor,"{""16"": 27}"
0,31,31,31,border_stone,20p,sav_015,Border Stone 4,16,0.005256,runtime,world_decor,"{""16"": 31}"
0,30,30,30,border_stone,20p,sav_015,Border Stone 5,17,0.005086,runtime,world_decor,"{""16"": 30}"
1,26,27,27,border_stone,20p,sav_015,Border Stone 6,18,0.004578,runtime,world_decor,"{""16"": 27}"
0,34,34,34,border_stone,20p,sav_015,Border Stone 7,19,0.005764,runtime,world_decor,"{""16"": 34}"
0,29,29,29,border_stone,20p,sav_015,Border Stone 8,20,0.004917,runtime,world_decor,"{""16"": 29}"
2,30,32,32,small_stone,20p,sav_015,Small Stone 1,21,0.005425,runtime,world_decor,"{""16"": 32}"
0,20,20,20,small_stone,20p,sav_015,Small Stone 2,22,0.003391,runtime,world_decor,"{""16"": 20}"
1,23,24,24,small_stone,20p,sav_015,Small Stone 3,23,0.004069,runtime,world_decor,"{""16"": 24}"
0,37,37,37,small_stone,20p,sav_015,Small Stone 4,24,0.006273,runtime,world_decor,"{""16"": 37}"
1,24,25,25,small_stone,20p,sav_015,Small Stone 5,25,0.004239,runtime,world_decor,"{""16"": 25}"
0,23,23,23,small_stone,20p,sav_015,Small Stone 6,26,0.003899,runtime,world_decor,"{""16"": 23}"
0,26,26,26,small_stone,20p,sav_015,Small Stone 7,27,0.004408,runtime,world_decor,"{""16"": 26}"
1,21,22,22,small_stone,20p,sav_015,Small Stone 8,28,0.00373,runtime,world_decor,"{""16"": 22}"
0,3,3,3,wreck,20p,sav_015,Wreck 1,29,0.000509,runtime,world_decor,"{""48"": 3}"
0,3,3,3,wreck,20p,sav_015,Wreck 2,30,0.000509,runtime,world_decor,"{""48"": 3}"
0,1,1,1,wreck,20p,sav_015,Wreck 4,32,0.00017,runtime,world_decor,"{""48"": 1}"
1,31,32,32,grave,20p,sav_015,Grave,34,0.005425,runtime,world_decor,"{""16"": 32}"
1,26,27,27,small_plant,20p,sav_015,Small Plant 1,35,0.004578,runtime,world_decor,"{""16"": 27}"
2,24,26,26,small_plant,20p,sav_015,Small Plant 2,36,0.004408,runtime,world_decor,"{""16"": 26}"
0,25,25,25,small_plant,20p,sav_015,Small Plant 3,37,0.004239,runtime,world_decor,"{""16"": 25}"
1,24,25,25,toadstool,20p,sav_015,Toadstool 1,38,0.004239,runtime,world_decor,"{""16"": 25}"
1,27,28,28,toadstool,20p,sav_015,Toadstool 2,39,0.004747,runtime,world_decor,"{""16"": 28}"
0,33,33,33,toadstool,20p,sav_015,Toadstool 3,40,0.005595,runtime,world_decor,"{""16"": 33}"
2,28,30,30,stump,20p,sav_015,Tree Stump 1,41,0.005086,runtime,world_decor,"{""16"": 30}"
0,31,31,31,stump,20p,sav_015,Tree Stump 2,42,0.005256,runtime,world_decor,"{""16"": 31}"
0,6,6,6,dead_tree,20p,sav_015,Dead Tree 1,43,0.001017,runtime,world_decor,"{""64"": 6}"
0,3,3,3,dead_tree,20p,sav_015,Dead Tree 2,44,0.000509,runtime,world_decor,"{""64"": 3}"
0,8,8,8,cactus,20p,sav_015,Cactus 1,45,0.001356,runtime,world_decor,"{""64"": 8}"
0,5,5,5,cactus,20p,sav_015,Cactus 2,46,0.000848,runtime,world_decor,"{""64"": 5}"
0,3,3,3,cactus,20p,sav_015,Cactus 3,47,0.000509,runtime,world_decor,"{""64"": 3}"
0,3,3,3,cactus,20p,sav_015,Cactus 4,48,0.000509,runtime,world_decor,"{""64"": 3}"
3,4,7,7,skeleton,20p,sav_015,Skeleton,49,0.001187,runtime,world_decor,"{""64"": 7}"
0,28,28,28,small_flower,20p,sav_015,Small Flower 1,50,0.004747,runtime,world_decor,"{""16"": 28}"
0,24,24,24,small_flower,20p,sav_015,Small Flower 2,51,0.004069,runtime,world_decor,"{""16"": 24}"
0,24,24,24,small_flower,20p,sav_015,Small Flower 3,52,0.004069,runtime,world_decor,"{""16"": 24}"
1,27,28,28,small_bush,20p,sav_015,Small Bush 1,53,0.004747,runtime,world_decor,"{""16"": 28}"
1,29,30,30,small_bush,20p,sav_015,Small Bush 2,54,0.005086,runtime,world_decor,"{""16"": 30}"
1,28,29,29,small_bush,20p,sav_015,Small Bush 3,55,0.004917,runtime,world_decor,"{""16"": 29}"
1,26,27,27,small_bush,20p,sav_015,Small Bush 4,56,0.004578,runtime,world_decor,"{""16"": 27}"
0,26,26,26,bush,20p,sav_015,Bush 1,57,0.004408,runtime,world_decor,"{""16"": 26}"
0,30,30,30,bush,20p,sav_015,Bush 2,58,0.005086,runtime,world_decor,"{""16"": 29, ""28"": 1}"
0,25,25,25,bush,20p,sav_015,Bush 3,59,0.004239,runtime,world_decor,"{""16"": 25}"
0,29,29,29,bush,20p,sav_015,Bush 4,60,0.004917,runtime,world_decor,"{""16"": 29}"
0,24,24,24,bush,20p,sav_015,Bush 5,61,0.004069,runtime,world_decor,"{""16"": 24}"
6,217,223,223,adult_tree,20p,sav_015,Birch 1,68,0.037808,runtime,world_decor,"{""16"": 222, ""21"": 1}"
8,198,206,206,adult_tree,20p,sav_015,Birch 2,69,0.034926,runtime,world_decor,"{""16"": 205, ""17"": 1}"
5,189,194,194,adult_tree,20p,sav_015,Elm 1,70,0.032891,runtime,world_decor,"{""16"": 193, ""20"": 1}"
9,200,209,209,adult_tree,20p,sav_015,Elm 2,71,0.035434,runtime,world_decor,"{""16"": 208, ""21"": 1}"
2,169,171,171,adult_tree,20p,sav_015,Oak,72,0.028992,runtime,world_decor,"{""16"": 169, ""24"": 2}"
8,180,188,188,adult_tree,20p,sav_015,Adult Tree 6,73,0.031874,runtime,world_decor,"{""16"": 187, ""24"": 1}"
7,178,185,185,adult_tree,20p,sav_015,Adult Tree 7,74,0.031365,runtime,world_decor,"{""16"": 185}"
9,163,172,172,adult_tree,20p,sav_015,Adult Tree 8,75,0.029161,runtime,world_decor,"{""16"": 172}"
3,146,149,149,adult_tree,20p,sav_015,Adult Tree 9,76,0.025262,runtime,world_decor,"{""16"": 149}"
1,158,159,159,adult_tree,20p,sav_015,Adult Tree 10,77,0.026957,runtime,world_decor,"{""16"": 159}"
4,15,19,19,palm,20p,sav_015,Palm 1,78,0.003221,runtime,world_decor,"{""64"": 19}"
0,25,25,25,palm,20p,sav_015,Palm 2,79,0.004239,runtime,world_decor,"{""64"": 25}"
4,337,341,341,adult_tree,20p,sav_015,Adult Tree 13,80,0.057814,runtime,world_decor,"{""16"": 341}"
7,326,333,333,adult_tree,20p,sav_015,Adult Tree 14,81,0.056458,runtime,world_decor,"{""16"": 333}"
0,37,37,37,reef,20p,sav_015,Reef 2,112,0.006273,runtime,world_decor,"{""16"": 28, ""20"": 1, ""24"": 8}"
0,222,222,222,reef,20p,sav_015,Reef 3,113,0.037638,runtime,world_decor,"{""16"": 180, ""20"": 1, ""21"": 1, ""24"": 37, ""64"": 3}"
0,126,126,126,building_stone,20p,sav_015,Building Stone 1,115,0.021362,runtime,world_decor,"{""16"": 126}"
1,119,120,120,building_stone,20p,sav_015,Building Stone 2,116,0.020345,runtime,world_decor,"{""16"": 120}"
0,136,136,136,building_stone,20p,sav_015,Building Stone 3,117,0.023058,runtime,world_decor,"{""16"": 135, ""24"": 1}"
3,113,116,116,building_stone,20p,sav_015,Building Stone 4,118,0.019667,runtime,world_decor,"{""16"": 116}"
3,110,113,113,building_stone,20p,sav_015,Building Stone 5,119,0.019158,runtime,world_decor,"{""16"": 113}"
1,126,127,127,building_stone,20p,sav_015,Building Stone 6,120,0.021532,runtime,world_decor,"{""16"": 126, ""24"": 1}"
3,122,125,125,building_stone,20p,sav_015,Building Stone 7,121,0.021193,runtime,world_decor,"{""16"": 124, ""21"": 1}"
4,116,120,120,building_stone,20p,sav_015,Building Stone 8,122,0.020345,runtime,world_decor,"{""16"": 120}"
1,126,127,127,building_stone,20p,sav_015,Building Stone 9,123,0.021532,runtime,world_decor,"{""16"": 127}"
1,126,127,127,building_stone,20p,sav_015,Building Stone 10,124,0.021532,runtime,world_decor,"{""16"": 127}"
1,117,118,118,building_stone,20p,sav_015,Building Stone 11,125,0.020006,runtime,world_decor,"{""16"": 117, ""24"": 1}"
4,124,128,128,building_stone,20p,sav_015,Building Stone 12,126,0.021701,runtime,world_decor,"{""16"": 128}"
0,15,15,15,building_stone,20p,sav_015,Building Stone 13,127,0.002543,runtime,world_decor,"{""16"": 15}"
19,1,20,20,territory_marker,20p,sav_015,Red flag,255,0.003391,runtime,runtime_overlay,"{""28"": 20}"
2,31,33,33,big_stone,20p,sav_016,Big Stone 1,1,0.005595,static,world_decor,"{""16"": 33}"
1,33,34,34,big_stone,20p,sav_016,Big Stone 2,2,0.005764,static,world_decor,"{""16"": 34}"
0,33,33,33,big_stone,20p,sav_016,Big Stone 3,3,0.005595,static,world_decor,"{""16"": 33}"
0,29,29,29,big_stone,20p,sav_016,Big Stone 4,4,0.004917,static,world_decor,"{""16"": 29}"
1,30,31,31,big_stone,20p,sav_016,Big Stone 5,5,0.005256,static,world_decor,"{""16"": 31}"
0,32,32,32,big_stone,20p,sav_016,Big Stone 6,6,0.005425,static,world_decor,"{""16"": 32}"
0,31,31,31,big_stone,20p,sav_016,Big Stone 7,7,0.005256,static,world_decor,"{""16"": 31}"
1,30,31,31,big_stone,20p,sav_016,Big Stone 8,8,0.005256,static,world_decor,"{""16"": 31}"
0,38,38,38,decorative_stone,20p,sav_016,Decorative Stone 1,9,0.006443,static,world_decor,"{""16"": 38}"
1,26,27,27,decorative_stone,20p,sav_016,Decorative Stone 2,10,0.004578,static,world_decor,"{""16"": 27}"
1,31,32,32,decorative_stone,20p,sav_016,Decorative Stone 3,11,0.005425,static,world_decor,"{""16"": 32}"
1,35,36,36,decorative_stone,20p,sav_016,Decorative Stone 4,12,0.006104,static,world_decor,"{""16"": 36}"
0,25,25,25,border_stone,20p,sav_016,Border Stone 1,13,0.004239,static,world_decor,"{""16"": 25}"
1,24,25,25,border_stone,20p,sav_016,Border Stone 2,14,0.004239,static,world_decor,"{""16"": 25}"
0,24,24,24,border_stone,20p,sav_016,Border Stone 3,15,0.004069,static,world_decor,"{""16"": 24}"
2,21,23,23,border_stone,20p,sav_016,Border Stone 4,16,0.003899,static,world_decor,"{""16"": 23}"
0,30,30,30,border_stone,20p,sav_016,Border Stone 5,17,0.005086,static,world_decor,"{""16"": 30}"
2,27,29,29,border_stone,20p,sav_016,Border Stone 6,18,0.004917,static,world_decor,"{""16"": 29}"
1,31,32,32,border_stone,20p,sav_016,Border Stone 7,19,0.005425,static,world_decor,"{""16"": 32}"
0,33,33,33,border_stone,20p,sav_016,Border Stone 8,20,0.005595,static,world_decor,"{""16"": 33}"
1,24,25,25,small_stone,20p,sav_016,Small Stone 1,21,0.004239,static,world_decor,"{""16"": 25}"
1,31,32,32,small_stone,20p,sav_016,Small Stone 2,22,0.005425,static,world_decor,"{""16"": 32}"
1,19,20,20,small_stone,20p,sav_016,Small Stone 3,23,0.003391,static,world_decor,"{""16"": 20}"
1,26,27,27,small_stone,20p,sav_016,Small Stone 4,24,0.004578,static,world_decor,"{""16"": 27}"
1,27,28,28,small_stone,20p,sav_016,Small Stone 5,25,0.004747,static,world_decor,"{""16"": 28}"
2,24,26,26,small_stone,20p,sav_016,Small Stone 6,26,0.004408,static,world_decor,"{""16"": 26}"
1,28,29,29,small_stone,20p,sav_016,Small Stone 7,27,0.004917,static,world_decor,"{""16"": 29}"
1,29,30,30,small_stone,20p,sav_016,Small Stone 8,28,0.005086,static,world_decor,"{""16"": 30}"
0,1,1,1,wreck,20p,sav_016,Wreck 2,30,0.00017,static,world_decor,"{""48"": 1}"
0,2,2,2,wreck,20p,sav_016,Wreck 3,31,0.000339,static,world_decor,"{""48"": 2}"
0,1,1,1,wreck,20p,sav_016,Wreck 4,32,0.00017,static,world_decor,"{""48"": 1}"
0,4,4,4,wreck,20p,sav_016,Wreck 5,33,0.000678,static,world_decor,"{""48"": 4}"
1,32,33,33,grave,20p,sav_016,Grave,34,0.005595,static,world_decor,"{""16"": 33}"
0,24,24,24,small_plant,20p,sav_016,Small Plant 1,35,0.004069,static,world_decor,"{""16"": 24}"
0,34,34,34,small_plant,20p,sav_016,Small Plant 2,36,0.005764,static,world_decor,"{""16"": 34}"
0,30,30,30,small_plant,20p,sav_016,Small Plant 3,37,0.005086,static,world_decor,"{""16"": 30}"
1,24,25,25,toadstool,20p,sav_016,Toadstool 1,38,0.004239,static,world_decor,"{""16"": 25}"
0,20,20,20,toadstool,20p,sav_016,Toadstool 2,39,0.003391,static,world_decor,"{""16"": 20}"
0,23,23,23,toadstool,20p,sav_016,Toadstool 3,40,0.003899,static,world_decor,"{""16"": 23}"
0,28,28,28,stump,20p,sav_016,Tree Stump 1,41,0.004747,static,world_decor,"{""16"": 28}"
0,32,32,32,stump,20p,sav_016,Tree Stump 2,42,0.005425,static,world_decor,"{""16"": 32}"
0,4,4,4,dead_tree,20p,sav_016,Dead Tree 1,43,0.000678,static,world_decor,"{""64"": 4}"
0,3,3,3,dead_tree,20p,sav_016,Dead Tree 2,44,0.000509,static,world_decor,"{""64"": 3}"
0,9,9,9,cactus,20p,sav_016,Cactus 1,45,0.001526,static,world_decor,"{""64"": 9}"
0,5,5,5,cactus,20p,sav_016,Cactus 2,46,0.000848,static,world_decor,"{""64"": 5}"
0,5,5,5,cactus,20p,sav_016,Cactus 3,47,0.000848,static,world_decor,"{""64"": 5}"
0,10,10,10,cactus,20p,sav_016,Cactus 4,48,0.001695,static,world_decor,"{""64"": 10}"
1,24,25,25,small_flower,20p,sav_016,Small Flower 1,50,0.004239,static,world_decor,"{""16"": 25}"
4,24,28,28,small_flower,20p,sav_016,Small Flower 2,51,0.004747,static,world_decor,"{""16"": 27, ""28"": 1}"
0,28,28,28,small_flower,20p,sav_016,Small Flower 3,52,0.004747,static,world_decor,"{""16"": 28}"
1,29,30,30,small_bush,20p,sav_016,Small Bush 1,53,0.005086,static,world_decor,"{""16"": 30}"
4,25,29,29,small_bush,20p,sav_016,Small Bush 2,54,0.004917,static,world_decor,"{""16"": 28, ""28"": 1}"
1,24,25,25,small_bush,20p,sav_016,Small Bush 3,55,0.004239,static,world_decor,"{""16"": 25}"
0,30,30,30,small_bush,20p,sav_016,Small Bush 4,56,0.005086,static,world_decor,"{""16"": 30}"
0,31,31,31,bush,20p,sav_016,Bush 1,57,0.005256,static,world_decor,"{""16"": 31}"
1,24,25,25,bush,20p,sav_016,Bush 2,58,0.004239,static,world_decor,"{""16"": 25}"
1,25,26,26,bush,20p,sav_016,Bush 3,59,0.004408,static,world_decor,"{""16"": 26}"
0,32,32,32,bush,20p,sav_016,Bush 4,60,0.005425,static,world_decor,"{""16"": 32}"
0,32,32,32,bush,20p,sav_016,Bush 5,61,0.005425,static,world_decor,"{""16"": 32}"
0,1,1,1,reed,20p,sav_016,Reed 4,65,0.00017,static,world_decor,"{""80"": 1}"
0,188,188,188,adult_tree,20p,sav_016,Birch 1,68,0.031874,static,world_decor,"{""16"": 187, ""24"": 1}"
2,190,192,192,adult_tree,20p,sav_016,Birch 2,69,0.032552,static,world_decor,"{""16"": 191, ""24"": 1}"
3,203,206,206,adult_tree,20p,sav_016,Elm 1,70,0.034926,static,world_decor,"{""16"": 204, ""17"": 1, ""21"": 1}"
4,193,197,197,adult_tree,20p,sav_016,Elm 2,71,0.0334,static,world_decor,"{""16"": 196, ""24"": 1}"
8,215,223,223,adult_tree,20p,sav_016,Oak,72,0.037808,static,world_decor,"{""16"": 220, ""20"": 1, ""24"": 2}"
3,216,219,219,adult_tree,20p,sav_016,Adult Tree 6,73,0.03713,static,world_decor,"{""16"": 215, ""24"": 4}"
6,217,223,223,adult_tree,20p,sav_016,Adult Tree 7,74,0.037808,static,world_decor,"{""16"": 223}"
9,223,232,232,adult_tree,20p,sav_016,Adult Tree 8,75,0.039334,static,world_decor,"{""16"": 232}"
6,192,198,198,adult_tree,20p,sav_016,Adult Tree 9,76,0.033569,static,world_decor,"{""16"": 198}"
4,183,187,187,adult_tree,20p,sav_016,Adult Tree 10,77,0.031704,static,world_decor,"{""16"": 187}"
0,14,14,14,palm,20p,sav_016,Palm 1,78,0.002374,static,world_decor,"{""64"": 14}"
0,11,11,11,palm,20p,sav_016,Palm 2,79,0.001865,static,world_decor,"{""64"": 11}"
8,333,341,341,adult_tree,20p,sav_016,Adult Tree 13,80,0.057814,static,world_decor,"{""16"": 341}"
11,341,352,352,adult_tree,20p,sav_016,Adult Tree 14,81,0.059679,static,world_decor,"{""16"": 352}"
1,119,120,120,building_stone,20p,sav_016,Building Stone 1,115,0.020345,static,world_decor,"{""16"": 120}"
2,119,121,121,building_stone,20p,sav_016,Building Stone 2,116,0.020515,static,world_decor,"{""16"": 121}"
2,116,118,118,building_stone,20p,sav_016,Building Stone 3,117,0.020006,static,world_decor,"{""16"": 118}"
2,127,129,129,building_stone,20p,sav_016,Building Stone 4,118,0.021871,static,world_decor,"{""16"": 129}"
1,106,107,107,building_stone,20p,sav_016,Building Stone 5,119,0.018141,static,world_decor,"{""16"": 107}"
2,141,143,143,building_stone,20p,sav_016,Building Stone 6,120,0.024245,static,world_decor,"{""16"": 143}"
3,142,145,145,building_stone,20p,sav_016,Building Stone 7,121,0.024584,static,world_decor,"{""16"": 145}"
2,124,126,126,building_stone,20p,sav_016,Building Stone 8,122,0.021362,static,world_decor,"{""16"": 126}"
3,154,157,157,building_stone,20p,sav_016,Building Stone 9,123,0.026618,static,world_decor,"{""16"": 157}"
4,132,136,136,building_stone,20p,sav_016,Building Stone 10,124,0.023058,static,world_decor,"{""16"": 136}"
2,136,138,138,building_stone,20p,sav_016,Building Stone 11,125,0.023397,static,world_decor,"{""16"": 138}"
4,121,125,125,building_stone,20p,sav_016,Building Stone 12,126,0.021193,static,world_decor,"{""16"": 125}"
1,21,22,22,building_stone,20p,sav_016,Building Stone 13,127,0.00373,static,world_decor,"{""16"": 22}"
2,31,33,33,big_stone,20p,sav_016,Big Stone 1,1,0.005595,runtime,world_decor,"{""16"": 33}"
1,33,34,34,big_stone,20p,sav_016,Big Stone 2,2,0.005764,runtime,world_decor,"{""16"": 34}"
0,33,33,33,big_stone,20p,sav_016,Big Stone 3,3,0.005595,runtime,world_decor,"{""16"": 33}"
0,29,29,29,big_stone,20p,sav_016,Big Stone 4,4,0.004917,runtime,world_decor,"{""16"": 29}"
1,30,31,31,big_stone,20p,sav_016,Big Stone 5,5,0.005256,runtime,world_decor,"{""16"": 31}"
0,32,32,32,big_stone,20p,sav_016,Big Stone 6,6,0.005425,runtime,world_decor,"{""16"": 32}"
0,31,31,31,big_stone,20p,sav_016,Big Stone 7,7,0.005256,runtime,world_decor,"{""16"": 31}"
1,30,31,31,big_stone,20p,sav_016,Big Stone 8,8,0.005256,runtime,world_decor,"{""16"": 31}"
0,38,38,38,decorative_stone,20p,sav_016,Decorative Stone 1,9,0.006443,runtime,world_decor,"{""16"": 38}"
1,26,27,27,decorative_stone,20p,sav_016,Decorative Stone 2,10,0.004578,runtime,world_decor,"{""16"": 27}"
1,31,32,32,decorative_stone,20p,sav_016,Decorative Stone 3,11,0.005425,runtime,world_decor,"{""16"": 32}"
1,35,36,36,decorative_stone,20p,sav_016,Decorative Stone 4,12,0.006104,runtime,world_decor,"{""16"": 36}"
0,25,25,25,border_stone,20p,sav_016,Border Stone 1,13,0.004239,runtime,world_decor,"{""16"": 25}"
1,24,25,25,border_stone,20p,sav_016,Border Stone 2,14,0.004239,runtime,world_decor,"{""16"": 25}"
0,24,24,24,border_stone,20p,sav_016,Border Stone 3,15,0.004069,runtime,world_decor,"{""16"": 24}"
2,21,23,23,border_stone,20p,sav_016,Border Stone 4,16,0.003899,runtime,world_decor,"{""16"": 23}"
0,30,30,30,border_stone,20p,sav_016,Border Stone 5,17,0.005086,runtime,world_decor,"{""16"": 30}"
2,27,29,29,border_stone,20p,sav_016,Border Stone 6,18,0.004917,runtime,world_decor,"{""16"": 29}"
1,31,32,32,border_stone,20p,sav_016,Border Stone 7,19,0.005425,runtime,world_decor,"{""16"": 32}"
0,33,33,33,border_stone,20p,sav_016,Border Stone 8,20,0.005595,runtime,world_decor,"{""16"": 33}"
1,24,25,25,small_stone,20p,sav_016,Small Stone 1,21,0.004239,runtime,world_decor,"{""16"": 25}"
1,31,32,32,small_stone,20p,sav_016,Small Stone 2,22,0.005425,runtime,world_decor,"{""16"": 32}"
1,19,20,20,small_stone,20p,sav_016,Small Stone 3,23,0.003391,runtime,world_decor,"{""16"": 20}"
1,26,27,27,small_stone,20p,sav_016,Small Stone 4,24,0.004578,runtime,world_decor,"{""16"": 27}"
1,27,28,28,small_stone,20p,sav_016,Small Stone 5,25,0.004747,runtime,world_decor,"{""16"": 28}"
2,24,26,26,small_stone,20p,sav_016,Small Stone 6,26,0.004408,runtime,world_decor,"{""16"": 26}"
1,28,29,29,small_stone,20p,sav_016,Small Stone 7,27,0.004917,runtime,world_decor,"{""16"": 29}"
1,29,30,30,small_stone,20p,sav_016,Small Stone 8,28,0.005086,runtime,world_decor,"{""16"": 30}"
0,1,1,1,wreck,20p,sav_016,Wreck 2,30,0.00017,runtime,world_decor,"{""48"": 1}"
0,2,2,2,wreck,20p,sav_016,Wreck 3,31,0.000339,runtime,world_decor,"{""48"": 2}"
0,1,1,1,wreck,20p,sav_016,Wreck 4,32,0.00017,runtime,world_decor,"{""48"": 1}"
0,4,4,4,wreck,20p,sav_016,Wreck 5,33,0.000678,runtime,world_decor,"{""48"": 4}"
1,32,33,33,grave,20p,sav_016,Grave,34,0.005595,runtime,world_decor,"{""16"": 33}"
0,24,24,24,small_plant,20p,sav_016,Small Plant 1,35,0.004069,runtime,world_decor,"{""16"": 24}"
0,34,34,34,small_plant,20p,sav_016,Small Plant 2,36,0.005764,runtime,world_decor,"{""16"": 34}"
0,30,30,30,small_plant,20p,sav_016,Small Plant 3,37,0.005086,runtime,world_decor,"{""16"": 30}"
1,24,25,25,toadstool,20p,sav_016,Toadstool 1,38,0.004239,runtime,world_decor,"{""16"": 25}"
0,20,20,20,toadstool,20p,sav_016,Toadstool 2,39,0.003391,runtime,world_decor,"{""16"": 20}"
0,23,23,23,toadstool,20p,sav_016,Toadstool 3,40,0.003899,runtime,world_decor,"{""16"": 23}"
0,28,28,28,stump,20p,sav_016,Tree Stump 1,41,0.004747,runtime,world_decor,"{""16"": 28}"
0,32,32,32,stump,20p,sav_016,Tree Stump 2,42,0.005425,runtime,world_decor,"{""16"": 32}"
0,4,4,4,dead_tree,20p,sav_016,Dead Tree 1,43,0.000678,runtime,world_decor,"{""64"": 4}"
0,3,3,3,dead_tree,20p,sav_016,Dead Tree 2,44,0.000509,runtime,world_decor,"{""64"": 3}"
0,9,9,9,cactus,20p,sav_016,Cactus 1,45,0.001526,runtime,world_decor,"{""64"": 9}"
0,5,5,5,cactus,20p,sav_016,Cactus 2,46,0.000848,runtime,world_decor,"{""64"": 5}"
0,5,5,5,cactus,20p,sav_016,Cactus 3,47,0.000848,runtime,world_decor,"{""64"": 5}"
0,10,10,10,cactus,20p,sav_016,Cactus 4,48,0.001695,runtime,world_decor,"{""64"": 10}"
1,24,25,25,small_flower,20p,sav_016,Small Flower 1,50,0.004239,runtime,world_decor,"{""16"": 25}"
3,24,27,27,small_flower,20p,sav_016,Small Flower 2,51,0.004578,runtime,world_decor,"{""16"": 27}"
0,28,28,28,small_flower,20p,sav_016,Small Flower 3,52,0.004747,runtime,world_decor,"{""16"": 28}"
1,29,30,30,small_bush,20p,sav_016,Small Bush 1,53,0.005086,runtime,world_decor,"{""16"": 30}"
4,25,29,29,small_bush,20p,sav_016,Small Bush 2,54,0.004917,runtime,world_decor,"{""16"": 28, ""28"": 1}"
1,24,25,25,small_bush,20p,sav_016,Small Bush 3,55,0.004239,runtime,world_decor,"{""16"": 25}"
0,30,30,30,small_bush,20p,sav_016,Small Bush 4,56,0.005086,runtime,world_decor,"{""16"": 30}"
0,31,31,31,bush,20p,sav_016,Bush 1,57,0.005256,runtime,world_decor,"{""16"": 31}"
1,24,25,25,bush,20p,sav_016,Bush 2,58,0.004239,runtime,world_decor,"{""16"": 25}"
1,25,26,26,bush,20p,sav_016,Bush 3,59,0.004408,runtime,world_decor,"{""16"": 26}"
0,32,32,32,bush,20p,sav_016,Bush 4,60,0.005425,runtime,world_decor,"{""16"": 32}"
0,32,32,32,bush,20p,sav_016,Bush 5,61,0.005425,runtime,world_decor,"{""16"": 32}"
0,1,1,1,reed,20p,sav_016,Reed 4,65,0.00017,runtime,world_decor,"{""80"": 1}"
0,188,188,188,adult_tree,20p,sav_016,Birch 1,68,0.031874,runtime,world_decor,"{""16"": 187, ""24"": 1}"
2,190,192,192,adult_tree,20p,sav_016,Birch 2,69,0.032552,runtime,world_decor,"{""16"": 191, ""24"": 1}"
3,203,206,206,adult_tree,20p,sav_016,Elm 1,70,0.034926,runtime,world_decor,"{""16"": 204, ""17"": 1, ""21"": 1}"
4,193,197,197,adult_tree,20p,sav_016,Elm 2,71,0.0334,runtime,world_decor,"{""16"": 196, ""24"": 1}"
8,215,223,223,adult_tree,20p,sav_016,Oak,72,0.037808,runtime,world_decor,"{""16"": 220, ""20"": 1, ""24"": 2}"
3,216,219,219,adult_tree,20p,sav_016,Adult Tree 6,73,0.03713,runtime,world_decor,"{""16"": 215, ""24"": 4}"
6,217,223,223,adult_tree,20p,sav_016,Adult Tree 7,74,0.037808,runtime,world_decor,"{""16"": 223}"
9,223,232,232,adult_tree,20p,sav_016,Adult Tree 8,75,0.039334,runtime,world_decor,"{""16"": 232}"
6,192,198,198,adult_tree,20p,sav_016,Adult Tree 9,76,0.033569,runtime,world_decor,"{""16"": 198}"
4,183,187,187,adult_tree,20p,sav_016,Adult Tree 10,77,0.031704,runtime,world_decor,"{""16"": 187}"
0,14,14,14,palm,20p,sav_016,Palm 1,78,0.002374,runtime,world_decor,"{""64"": 14}"
0,11,11,11,palm,20p,sav_016,Palm 2,79,0.001865,runtime,world_decor,"{""64"": 11}"
8,333,341,341,adult_tree,20p,sav_016,Adult Tree 13,80,0.057814,runtime,world_decor,"{""16"": 341}"
11,341,352,352,adult_tree,20p,sav_016,Adult Tree 14,81,0.059679,runtime,world_decor,"{""16"": 352}"
0,52,52,52,reef,20p,sav_016,Reef 2,112,0.008816,runtime,world_decor,"{""16"": 47, ""18"": 1, ""24"": 4}"
0,312,312,312,reef,20p,sav_016,Reef 3,113,0.052897,runtime,world_decor,"{""16"": 290, ""17"": 1, ""21"": 3, ""24"": 18}"
1,119,120,120,building_stone,20p,sav_016,Building Stone 1,115,0.020345,runtime,world_decor,"{""16"": 120}"
2,119,121,121,building_stone,20p,sav_016,Building Stone 2,116,0.020515,runtime,world_decor,"{""16"": 121}"
2,116,118,118,building_stone,20p,sav_016,Building Stone 3,117,0.020006,runtime,world_decor,"{""16"": 118}"
2,127,129,129,building_stone,20p,sav_016,Building Stone 4,118,0.021871,runtime,world_decor,"{""16"": 129}"
1,106,107,107,building_stone,20p,sav_016,Building Stone 5,119,0.018141,runtime,world_decor,"{""16"": 107}"
2,141,143,143,building_stone,20p,sav_016,Building Stone 6,120,0.024245,runtime,world_decor,"{""16"": 143}"
3,142,145,145,building_stone,20p,sav_016,Building Stone 7,121,0.024584,runtime,world_decor,"{""16"": 145}"
2,124,126,126,building_stone,20p,sav_016,Building Stone 8,122,0.021362,runtime,world_decor,"{""16"": 126}"
3,154,157,157,building_stone,20p,sav_016,Building Stone 9,123,0.026618,runtime,world_decor,"{""16"": 157}"
4,132,136,136,building_stone,20p,sav_016,Building Stone 10,124,0.023058,runtime,world_decor,"{""16"": 136}"
2,136,138,138,building_stone,20p,sav_016,Building Stone 11,125,0.023397,runtime,world_decor,"{""16"": 138}"
4,121,125,125,building_stone,20p,sav_016,Building Stone 12,126,0.021193,runtime,world_decor,"{""16"": 125}"
1,21,22,22,building_stone,20p,sav_016,Building Stone 13,127,0.00373,runtime,world_decor,"{""16"": 22}"
17,3,20,20,territory_marker,20p,sav_016,Red flag,255,0.003391,runtime,runtime_overlay,"{""23"": 2, ""28"": 18}"
